0.1417004	0.05772221	0.2470951	0.13476366	0.34123647	0.28899932	0.575416	0.372928	0.177611	-0.6748511	-0.2400617	-0.28428417	-0.07646543	0.037411857	0.10901532	-0.18571581	-0.5479715	-0.17767079	-0.12843236	0.12523532	-0.597012	-0.508627	-0.42027116	0.2967205	-0.303528	0.15274902	0.43161842	-0.018528424	0.39268085	-0.59325886
0.13990033	0.05187796	0.28339133	0.15744352	0.39180648	0.32014605	0.6481151	0.41535214	0.20305735	-0.71799046	-0.23217523	-0.30836028	-0.060504448	0.03491306	0.12060227	-0.20021261	-0.58436793	-0.18369488	-0.1592386	0.15308554	-0.6475875	-0.5518738	-0.45978588	0.32810736	-0.30401435	0.15705252	0.47660458	-0.02538177	0.45091417	-0.6287224
0.13294235	0.05070271	0.2515773	0.12561636	0.3543162	0.2993531	0.5919225	0.39597747	0.19438906	-0.68688226	-0.22088927	-0.2759211	-0.076574564	0.01975378	0.08933799	-0.16705765	-0.55703616	-0.16886002	-0.1318616	0.12612651	-0.62600505	-0.5277409	-0.44133133	0.30691907	-0.30027318	0.1419231	0.45474616	-0.012282007	0.41444227	-0.61282116
0.13450892	0.04424797	0.23879011	0.1360375	0.32520467	0.2853047	0.53226405	0.35346112	0.16035344	-0.6288824	-0.19979003	-0.2669775	-0.05739131	0.026882315	0.092710346	-0.15371838	-0.51858896	-0.17560342	-0.1417459	0.11734104	-0.5745266	-0.48250645	-0.41637638	0.27414817	-0.2730209	0.1433522	0.40070072	-0.024408868	0.38311198	-0.54508
0.14998512	0.040063757	0.2855068	0.13766584	0.3841918	0.30860665	0.62676036	0.40589115	0.19116662	-0.6832043	-0.24016942	-0.28754765	-0.0737667	0.040566746	0.1003913	-0.1829415	-0.5514412	-0.16698755	-0.15348898	0.13189003	-0.6370691	-0.525119	-0.44010168	0.32858285	-0.3060821	0.13768174	0.44157526	-0.008685167	0.42371693	-0.6184425
0.1414268	0.039814997	0.28614032	0.13555734	0.36846003	0.31820974	0.6099827	0.38899177	0.21065545	-0.70508426	-0.23032802	-0.2951506	-0.08303399	0.027766027	0.112288356	-0.18607979	-0.5662763	-0.17423719	-0.14709328	0.13761713	-0.6442218	-0.526099	-0.44748223	0.33712468	-0.288746	0.13993588	0.4382468	-0.0022306736	0.428381	-0.6044795
0.10753244	0.04414871	0.19851948	0.092544995	0.2648293	0.21833672	0.44041082	0.28057167	0.12686723	-0.49408683	-0.17716156	-0.1885938	-0.05330395	0.034472246	0.06683536	-0.12610771	-0.38663328	-0.1378296	-0.10863986	0.084411934	-0.43465412	-0.35383645	-0.33306673	0.2208492	-0.21483746	0.09247086	0.30084917	-0.0071094	0.29194617	-0.42142415
0.095866255	0.04135723	0.20945618	0.102828585	0.2751252	0.22375	0.43030527	0.29861015	0.14100516	-0.51655084	-0.15691064	-0.191591	-0.053216547	0.015131783	0.0628311	-0.122904435	-0.42094108	-0.12731194	-0.09210875	0.0783096	-0.44648817	-0.38860115	-0.31411478	0.23322634	-0.21258709	0.09288331	0.33066964	-0.029297814	0.29976296	-0.4546499
0.1144924	0.061094183	0.24776472	0.119307406	0.32363397	0.25653365	0.5443744	0.33866537	0.1707206	-0.6117143	-0.21853352	-0.26763648	-0.046576753	0.039833035	0.108236656	-0.17650956	-0.5014004	-0.15819342	-0.12447846	0.09916291	-0.56334037	-0.4506853	-0.40374178	0.2990734	-0.26369548	0.11510329	0.40940446	-0.012545091	0.38322157	-0.53045833
0.11584883	0.03755937	0.22539604	0.11911838	0.28334096	0.24430878	0.4791508	0.322461	0.16695969	-0.52556086	-0.17700656	-0.21790043	-0.041418325	0.023930455	0.08116982	-0.14593318	-0.42787763	-0.12692279	-0.09662461	0.116376676	-0.48225045	-0.4247035	-0.36277995	0.2486148	-0.22976625	0.11900113	0.36562422	-0.01502366	0.34326482	-0.4781712
0.12729554	0.054233097	0.25799093	0.11047899	0.3375957	0.27369455	0.5349022	0.36310047	0.15606752	-0.60919154	-0.19894451	-0.25343257	-0.07135116	0.019604154	0.08245949	-0.17142412	-0.4935761	-0.1661475	-0.13038966	0.105999865	-0.5624156	-0.45972645	-0.3804243	0.2684312	-0.25589922	0.13563439	0.3945755	-0.020018276	0.36807397	-0.5277013
0.14290951	0.045068763	0.24633752	0.14337373	0.33748552	0.27058533	0.5775284	0.36330608	0.19643044	-0.66123366	-0.22654	-0.26546806	-0.069337815	0.020935087	0.10569921	-0.16464806	-0.54242116	-0.15427056	-0.1325418	0.125438	-0.6007262	-0.48417708	-0.4330527	0.31431457	-0.2798578	0.14053161	0.41495955	-0.009816603	0.40215966	-0.5772791
0.13862637	0.05680665	0.24776301	0.11046742	0.31192225	0.27047575	0.5268128	0.35813388	0.1740948	-0.62663364	-0.22103296	-0.23702018	-0.06985227	0.0135442335	0.10971894	-0.16403775	-0.51556873	-0.16558486	-0.13887917	0.11212762	-0.5640656	-0.45186836	-0.41824517	0.28254807	-0.25781515	0.13780645	0.39352694	-0.007048627	0.37935004	-0.533019
0.12763561	0.036118686	0.23981073	0.10743308	0.3096962	0.24133019	0.5189365	0.34655136	0.1768231	-0.5656012	-0.20287797	-0.2387274	-0.043276865	0.013016531	0.08892837	-0.14100547	-0.46636721	-0.1625443	-0.10560977	0.09236761	-0.5308085	-0.44742548	-0.3751464	0.2717761	-0.2615965	0.10578942	0.3685655	-0.0018429144	0.35934678	-0.49804047
0.12238401	0.048427425	0.2457481	0.13840571	0.320699	0.28824463	0.5556314	0.3733219	0.16178948	-0.64235425	-0.22012001	-0.24613902	-0.05316171	0.041757364	0.10991462	-0.1657938	-0.501828	-0.17241283	-0.118775316	0.12453599	-0.56799155	-0.4693647	-0.41319156	0.28083423	-0.27532917	0.122286215	0.41570455	-0.02537118	0.3778627	-0.5722046
0.07688439	0.024339179	0.16783296	0.094234556	0.24355012	0.1825622	0.40936708	0.26402295	0.11393267	-0.451835	-0.14347802	-0.1981523	-0.044380445	0.020925073	0.068401664	-0.12443502	-0.3533896	-0.12924016	-0.09897998	0.08886376	-0.41470736	-0.35837993	-0.31044072	0.20859948	-0.1809296	0.09672197	0.29009923	-0.009735746	0.2638017	-0.3988295
0.13357349	0.06549309	0.25730225	0.13087326	0.343604	0.2766933	0.5676458	0.36232588	0.18153037	-0.6419514	-0.20575206	-0.2469449	-0.06575875	0.04119037	0.11189385	-0.15101476	-0.5298179	-0.17502923	-0.13434343	0.107313216	-0.5714627	-0.47393227	-0.39837697	0.30537322	-0.28429323	0.13050072	0.39519015	-0.01924908	0.36986095	-0.55211383
0.13418302	0.053281613	0.28386223	0.15254357	0.3842034	0.3094464	0.6178382	0.39995158	0.19123423	-0.69221044	-0.24499892	-0.29001796	-0.055260982	0.043049734	0.114410445	-0.19771948	-0.58937	-0.16994457	-0.15620759	0.12684399	-0.6402342	-0.54868996	-0.44387665	0.32267228	-0.31864107	0.14328411	0.45479146	-0.03042325	0.4403969	-0.62200487
0.088430606	0.034744404	0.17376362	0.10731298	0.25805166	0.21298969	0.3993747	0.26473907	0.1427561	-0.46682155	-0.14386912	-0.19745372	-0.047595996	0.021801738	0.06823702	-0.121474564	-0.3863453	-0.10730887	-0.08152016	0.10079088	-0.40570408	-0.3583682	-0.31386098	0.20690109	-0.19603314	0.10887602	0.29560825	-0.001293489	0.2614868	-0.41721258
0.12315584	0.035698865	0.23001516	0.09519311	0.27230385	0.24234271	0.4873938	0.3233247	0.1532517	-0.55023426	-0.17533515	-0.20491941	-0.048525613	0.030291568	0.08110615	-0.13478728	-0.43838218	-0.1509838	-0.09312347	0.09632531	-0.48522472	-0.41147012	-0.3592762	0.24207415	-0.24993892	0.12554172	0.36213517	-0.01267223	0.32455757	-0.48027563
0.112670116	0.03579091	0.22173235	0.118843935	0.27247846	0.22246976	0.45224878	0.3037791	0.14504452	-0.53387535	-0.18932825	-0.22088943	-0.06504525	0.030579481	0.08645889	-0.1403017	-0.44219413	-0.13226622	-0.10263013	0.09989807	-0.4928435	-0.40579128	-0.3343443	0.24043746	-0.22185612	0.11123168	0.3512025	-0.0010444055	0.31226608	-0.44862452
0.07380251	0.043154407	0.16228469	0.082869284	0.20945737	0.1669128	0.34754053	0.23209986	0.11972485	-0.3904907	-0.13391925	-0.16839199	-0.02822855	0.016331976	0.04833766	-0.11706354	-0.30220366	-0.110693835	-0.092247896	0.08832776	-0.3667124	-0.30057773	-0.26665956	0.17122208	-0.15685704	0.076863244	0.24377526	-0.008421421	0.2386786	-0.33754045
0.09605455	0.02515051	0.18670401	0.109397136	0.28179976	0.20886987	0.45504224	0.30229914	0.14363517	-0.50376636	-0.18252435	-0.21456109	-0.05196557	0.01729894	0.08206189	-0.12167686	-0.39905295	-0.12724122	-0.11639924	0.09728827	-0.45995086	-0.37310073	-0.3336803	0.2369266	-0.2021911	0.09251037	0.33142066	-0.011949934	0.30367562	-0.44786045
0.12591438	0.047526818	0.23870648	0.109038346	0.31885496	0.23742975	0.5170825	0.31909603	0.15787756	-0.5608459	-0.20338346	-0.24502654	-0.054296896	0.018016983	0.1054145	-0.16276965	-0.4769003	-0.14101471	-0.12167001	0.097472474	-0.5350897	-0.4301836	-0.38136664	0.27762553	-0.23624033	0.116653204	0.37689182	-0.010884841	0.33591405	-0.5152708
0.08864413	0.025628585	0.17556347	0.10874563	0.26320866	0.20192179	0.4082103	0.26397428	0.14723444	-0.47878334	-0.1521166	-0.19078848	-0.06082655	0.016566813	0.05883834	-0.122275405	-0.3946067	-0.13515323	-0.083627716	0.092961006	-0.4174273	-0.3414971	-0.32015422	0.22227181	-0.2021086	0.11347149	0.31375653	-0.02906713	0.30245647	-0.3980613
0.082989454	0.042778354	0.1773744	0.079499476	0.2530266	0.1815428	0.4031753	0.26004928	0.11558488	-0.4512129	-0.15367901	-0.19715911	-0.027495457	0.010106439	0.07710461	-0.11958365	-0.3617946	-0.10045525	-0.08584311	0.07884988	-0.4116388	-0.34761584	-0.29353005	0.19748111	-0.21078221	0.09127597	0.2845286	0.0034293826	0.26566157	-0.3784361
0.11317013	0.051689442	0.25516617	0.11672108	0.31144246	0.27272135	0.55249983	0.36762074	0.15637136	-0.6154977	-0.21295556	-0.24370955	-0.043417964	0.013226481	0.10949368	-0.15556653	-0.50136334	-0.14682584	-0.13358851	0.1314709	-0.5710176	-0.46255842	-0.40840575	0.291307	-0.2681644	0.14326854	0.3794371	0.00033966126	0.38043526	-0.53833216
0.102272905	0.03548761	0.22419806	0.10547122	0.30528986	0.24812719	0.47896162	0.32762468	0.16942726	-0.5533259	-0.17372127	-0.23464023	-0.059178043	0.009238744	0.07665298	-0.14092581	-0.44984162	-0.15767016	-0.0938988	0.090897985	-0.48938036	-0.40597352	-0.3732857	0.2560441	-0.22047059	0.09614747	0.35140565	-0.022395689	0.3341525	-0.49212873
0.10314011	0.04721402	0.22021553	0.09929635	0.2821067	0.21359108	0.4354167	0.29764992	0.15570551	-0.5297623	-0.17856124	-0.22114773	-0.039939087	0.01804684	0.072235614	-0.1252202	-0.43255422	-0.14590406	-0.113508865	0.111833386	-0.4592409	-0.38686985	-0.3468502	0.22888315	-0.22330618	0.095492095	0.31550744	-0.014939046	0.30011463	-0.4507353
0.075131066	0.02603157	0.17089088	0.102933325	0.2382783	0.19920692	0.36615208	0.24838236	0.12769085	-0.42982075	-0.1577715	-0.17863701	-0.0574737	0.03141787	0.065453455	-0.1136625	-0.3452157	-0.10214612	-0.06841275	0.09255154	-0.37219903	-0.31273386	-0.29138038	0.19034928	-0.19317025	0.08908745	0.27716687	-0.025556693	0.24667203	-0.3792906
0.077153675	0.015896283	0.13134274	0.08167647	0.164039	0.13466352	0.28969187	0.19928007	0.089787014	-0.3171793	-0.10299804	-0.13223372	-0.037137523	0.0003586411	0.037868246	-0.094030164	-0.27928588	-0.07763746	-0.05050685	0.07670685	-0.30650112	-0.24619211	-0.2111065	0.15189458	-0.14935511	0.07854399	0.21854885	-0.0013326822	0.21579418	-0.2985896
0.10096811	0.03518206	0.1881724	0.09140384	0.23842342	0.22231497	0.43036702	0.2764455	0.12673818	-0.46930805	-0.17751652	-0.19642825	-0.051706396	0.020225767	0.08942158	-0.11262201	-0.4057251	-0.13381195	-0.090640545	0.09993643	-0.44846934	-0.35090294	-0.3111967	0.22241701	-0.20031114	0.089569926	0.30897635	-0.01603976	0.27366933	-0.42848763
0.079844445	0.04264195	0.16275609	0.068572626	0.22513548	0.17360653	0.3414301	0.23395243	0.119182646	-0.3859179	-0.14861545	-0.16061836	-0.042119514	0.025340665	0.07630622	-0.10643932	-0.30819997	-0.11090966	-0.09069433	0.07131455	-0.35885894	-0.28160402	-0.2600347	0.17523965	-0.15358984	0.065631844	0.24442099	0.005179047	0.25474915	-0.35752487
0.10902709	0.055642664	0.20256223	0.104609385	0.27901107	0.20989676	0.444555	0.3076333	0.14375614	-0.49423704	-0.15865126	-0.2141314	-0.06489944	0.023497138	0.070112765	-0.1374201	-0.39754468	-0.12071977	-0.08938705	0.087034464	-0.4757979	-0.3691799	-0.34636945	0.22225529	-0.22749005	0.10691205	0.33014843	-0.022805909	0.29936367	-0.43272945
0.066585705	0.046819437	0.15009774	0.08656501	0.1931061	0.15417843	0.33116692	0.20548798	0.10355584	-0.4016435	-0.14372817	-0.15756771	-0.0337817	0.0037381856	0.054612063	-0.1061482	-0.315567	-0.09898229	-0.07391622	0.06653601	-0.345398	-0.30228037	-0.26687118	0.1866005	-0.156701	0.06401226	0.24459323	-0.020817377	0.22106916	-0.3220755
0.12076033	0.03591118	0.23811132	0.13722354	0.32461226	0.24819052	0.51757574	0.3332015	0.1725874	-0.58409667	-0.2154676	-0.24665551	-0.048585888	0.042316303	0.10272223	-0.15270352	-0.50100756	-0.13970067	-0.13307849	0.12488269	-0.55031174	-0.46327415	-0.38862142	0.2589544	-0.25037205	0.111045524	0.3716152	-0.027925711	0.35844514	-0.53427964
0.08829873	0.018273061	0.17180528	0.09264586	0.20336057	0.18101947	0.33792245	0.23156527	0.12077866	-0.40994695	-0.12172932	-0.17214882	-0.044354297	0.02176594	0.069586344	-0.12116433	-0.33387646	-0.11540893	-0.08255556	0.07727169	-0.355528	-0.29902795	-0.26972064	0.19742471	-0.18467037	0.09572727	0.27290803	-0.009447002	0.24737315	-0.36276174
0.08619971	0.042330153	0.16939092	0.077374406	0.20354985	0.1862287	0.36051583	0.24186078	0.09845777	-0.41237447	-0.13016334	-0.18050548	-0.034240037	0.013511248	0.07432943	-0.090961345	-0.31692913	-0.1009047	-0.078026935	0.068648	-0.36839524	-0.2974686	-0.277796	0.18385132	-0.16102104	0.082535915	0.27383408	-0.0080567775	0.2546194	-0.36023295
0.11662241	0.043395773	0.20959137	0.11702038	0.2738384	0.20992008	0.422417	0.30165234	0.14285807	-0.50526196	-0.15653256	-0.18761052	-0.03947736	0.0061848676	0.09088423	-0.11456345	-0.40599504	-0.14278965	-0.10909145	0.09974037	-0.46115685	-0.38267437	-0.31736702	0.24399078	-0.23115945	0.10574984	0.3232112	0.0037284896	0.28829893	-0.45061767
0.09447544	0.041632444	0.19549322	0.09307327	0.25669283	0.20112969	0.39860317	0.2515942	0.13405348	-0.472406	-0.1597967	-0.20058972	-0.044043068	0.03648358	0.06966473	-0.119130574	-0.38161474	-0.11960983	-0.0826143	0.09871264	-0.40591216	-0.35829008	-0.30843	0.19575787	-0.19980046	0.08954715	0.31067285	-0.0042355377	0.29144707	-0.4114517
0.10396209	0.03673654	0.17457959	0.08806791	0.25683656	0.20961888	0.4323913	0.2613747	0.12919176	-0.48150375	-0.16457824	-0.21124074	-0.05226832	0.021597704	0.07107158	-0.11056793	-0.38432577	-0.11668782	-0.08857556	0.078350075	-0.44852132	-0.35542315	-0.31458637	0.2292653	-0.1943829	0.084734105	0.28983587	-0.025242515	0.29860586	-0.41631556
0.0775511	0.019448157	0.15717714	0.08589874	0.20174696	0.16014297	0.33905628	0.23085582	0.09625366	-0.39384592	-0.12644844	-0.17276004	-0.039937325	0.03041287	0.074362196	-0.1182497	-0.31076118	-0.095541894	-0.07829845	0.085952155	-0.3622124	-0.2963021	-0.25427872	0.17159888	-0.17636687	0.076400064	0.25841075	-0.0009324646	0.22113013	-0.3261805
0.08578518	0.03278962	0.18002483	0.100001	0.24690104	0.19821759	0.42896134	0.27625483	0.12948714	-0.4824331	-0.17464018	-0.1938569	-0.058568407	0.020640234	0.06580869	-0.11512491	-0.38393256	-0.10645438	-0.11179386	0.10680245	-0.44711113	-0.37974882	-0.30567744	0.21842009	-0.20432298	0.11706297	0.30106172	-0.02065333	0.28783107	-0.43664032
0.07825849	0.041152846	0.15434504	0.08832032	0.24316236	0.20184247	0.38009638	0.24452871	0.11641152	-0.43374917	-0.13526154	-0.19143143	-0.033534657	0.015957154	0.06972647	-0.11072802	-0.3538237	-0.12277893	-0.07738991	0.08924119	-0.3842434	-0.33347636	-0.28421137	0.19242786	-0.18522322	0.07870169	0.2583691	-0.0038632618	0.25583073	-0.37885627
0.07533204	0.025898604	0.1369427	0.0707338	0.1843435	0.15469547	0.30568585	0.19643939	0.09376848	-0.3611899	-0.13518205	-0.15034425	-0.030914115	0.01516123	0.067219	-0.08632413	-0.30105844	-0.07589769	-0.05813294	0.080361396	-0.31867048	-0.26951307	-0.23336129	0.15799698	-0.14432135	0.08823727	0.23172408	-0.005618706	0.22273675	-0.31358218
0.091776475	0.018655758	0.17306025	0.09802201	0.23308744	0.19517572	0.36054006	0.25320938	0.13016012	-0.42532748	-0.13660741	-0.18577644	-0.04011337	0.01839651	0.0573577	-0.1246816	-0.36257848	-0.11570784	-0.09823065	0.06824929	-0.38393575	-0.3330617	-0.27247015	0.21294697	-0.1997935	0.10560218	0.27759716	-0.016864762	0.25880796	-0.38902515
0.06791431	0.033243902	0.15270863	0.077099346	0.18723568	0.16485256	0.34016234	0.22454327	0.113665886	-0.36308578	-0.114244066	-0.15228051	-0.032933664	0.024333702	0.053459283	-0.106829844	-0.30699345	-0.084023505	-0.059697468	0.055757485	-0.33383632	-0.27355608	-0.2294121	0.15868917	-0.14518076	0.09132101	0.24935757	-0.026377639	0.23779456	-0.33511427
0.07981326	0.03851983	0.13669705	0.08198811	0.19413634	0.15499976	0.31993562	0.2177342	0.10982524	-0.36840042	-0.12745982	-0.16480051	-0.035551395	0.023864219	0.046706714	-0.09780288	-0.3016691	-0.09875065	-0.064322814	0.064827666	-0.3446982	-0.28623682	-0.2439745	0.17764115	-0.16661084	0.093224734	0.24506587	-0.0013408752	0.22504346	-0.3355788
0.10619943	0.047884546	0.19687939	0.10589457	0.23681782	0.18859494	0.4169122	0.25696668	0.1347324	-0.46444622	-0.16050091	-0.18693614	-0.040119607	0.020332322	0.08611714	-0.11567139	-0.38560402	-0.13427801	-0.09555144	0.071932524	-0.43143934	-0.3538665	-0.30747932	0.2263364	-0.21508354	0.11021514	0.2889812	-0.016112268	0.27006713	-0.4055196
0.08529428	0.012373651	0.1469835	0.0739836	0.18967801	0.16494215	0.3186669	0.20050396	0.091900826	-0.37123162	-0.1272248	-0.14935768	-0.03564864	0.0019782186	0.07428716	-0.11353795	-0.29638726	-0.09604646	-0.07409751	0.06744101	-0.34056407	-0.29164317	-0.25613642	0.17464593	-0.15430102	0.08499985	0.2427047	0.000241574	0.22089997	-0.32892683
0.07957552	0.03696428	0.16770479	0.09678392	0.22555986	0.16113979	0.37136048	0.22544391	0.10808991	-0.41690236	-0.13696074	-0.16843438	-0.03467338	0.029497983	0.058342863	-0.123084255	-0.3322865	-0.11765352	-0.08675544	0.060912177	-0.37302455	-0.30124423	-0.27255264	0.17255561	-0.15970261	0.0729342	0.2545639	-0.011230333	0.2529874	-0.35946795
0.09541648	0.04454814	0.18477719	0.09971576	0.26069227	0.21217707	0.40514207	0.25056377	0.11511296	-0.46280345	-0.15484895	-0.17494804	-0.03121274	0.0068262857	0.08772339	-0.116940275	-0.36514354	-0.12819356	-0.092221394	0.07968054	-0.4152347	-0.34742153	-0.29538658	0.22469655	-0.20283587	0.08388697	0.3073417	0.001793305	0.28189743	-0.39192146
0.078335375	0.039814066	0.16794081	0.09905172	0.22178312	0.19781595	0.38685256	0.24455515	0.117042765	-0.435925	-0.15063815	-0.1690846	-0.054563288	0.030738931	0.068267725	-0.12289053	-0.33474708	-0.093281634	-0.07942041	0.06827398	-0.39584002	-0.32632983	-0.29129633	0.20845166	-0.19151072	0.07415117	0.29125708	-0.0021600334	0.25644043	-0.38843337
0.06506535	0.033494122	0.14052208	0.08018554	0.20123431	0.17363942	0.30714586	0.20135668	0.08854635	-0.354597	-0.12744848	-0.1587957	-0.023987075	0.02850705	0.057805613	-0.08041072	-0.29734904	-0.08623208	-0.07575291	0.051729567	-0.3401999	-0.25851774	-0.22942609	0.17748274	-0.16105887	0.079607464	0.2449937	-0.020096906	0.22896221	-0.31837377
0.05518569	0.0312794	0.15200208	0.06811055	0.1998928	0.16504012	0.29557315	0.19807419	0.09396849	-0.36466143	-0.12860857	-0.13928366	-0.045396693	0.026503256	0.045782816	-0.07521457	-0.27511042	-0.07886376	-0.07437311	0.07872685	-0.33074874	-0.27906477	-0.22457388	0.17455107	-0.1371794	0.057494387	0.23710594	-0.012960294	0.20494747	-0.3130478
0.065089785	0.015841046	0.1721314	0.089340925	0.22570534	0.17683198	0.3518336	0.23147175	0.09463547	-0.3851468	-0.13908015	-0.17359714	-0.049681015	0.0014600132	0.07426512	-0.10370472	-0.3205025	-0.088407286	-0.07865391	0.07227618	-0.36283597	-0.2930563	-0.2694839	0.17763987	-0.18308452	0.08595113	0.24067701	-0.022568274	0.23980154	-0.3539997
0.107333355	0.0617416	0.21793517	0.10460936	0.3203351	0.23524593	0.51612246	0.33012116	0.14582486	-0.58713883	-0.21294996	-0.25071713	-0.066278666	0.018703347	0.08066376	-0.1508911	-0.4686579	-0.14715376	-0.12246553	0.0982368	-0.53981894	-0.4279188	-0.3797828	0.26756147	-0.25215104	0.13364066	0.36744827	-0.020347523	0.3556363	-0.5119671
0.11130702	0.060137175	0.23964565	0.13054475	0.31984696	0.26110503	0.5227825	0.34438023	0.18028626	-0.58556557	-0.19842163	-0.24858648	-0.06358581	0.011719159	0.10226095	-0.15668766	-0.47189885	-0.14845723	-0.1261116	0.11729488	-0.5385325	-0.42412308	-0.3897191	0.2658842	-0.25701284	0.13298573	0.37399456	-0.031298537	0.35748097	-0.5028489
0.11570507	0.049117394	0.19688542	0.11734	0.27587903	0.22536257	0.46982867	0.30014506	0.16283703	-0.53061104	-0.18376355	-0.20996305	-0.054245878	0.020089116	0.06627289	-0.12598804	-0.43266195	-0.14517635	-0.100823656	0.098044194	-0.48170945	-0.39638665	-0.33349818	0.25163755	-0.23160239	0.10899121	0.35033107	-0.014388115	0.30872136	-0.46261927
0.08680932	0.025657536	0.15999557	0.07441895	0.2205189	0.16826437	0.3699165	0.23112717	0.11885957	-0.42087126	-0.14562453	-0.17620556	-0.047256507	0.02952201	0.079959914	-0.10292099	-0.33794156	-0.11121524	-0.07321244	0.06181647	-0.37429127	-0.29322806	-0.2521083	0.2031847	-0.18034153	0.08395512	0.25210527	-0.019030476	0.23439229	-0.3724229
0.10739933	0.033214934	0.18640867	0.094596595	0.27811798	0.20375507	0.44578004	0.28473356	0.14687473	-0.49956065	-0.16672198	-0.19316769	-0.05094197	0.010370579	0.06599713	-0.1405073	-0.40380874	-0.1303553	-0.11297098	0.10498313	-0.45448312	-0.37047818	-0.31280577	0.24295135	-0.20219266	0.10269033	0.31191292	-0.028510673	0.31845397	-0.42384592
0.10831159	0.0635283	0.24515201	0.13957784	0.3113464	0.2601544	0.55685574	0.34578362	0.16671225	-0.62046874	-0.22690935	-0.2426552	-0.060525518	0.02540467	0.10767398	-0.17298836	-0.5173088	-0.15957431	-0.1281916	0.09835484	-0.5762127	-0.45380342	-0.3992145	0.28847554	-0.2760046	0.12173191	0.39800465	-0.0018666098	0.38377118	-0.54824644
0.08926884	0.04158313	0.19398698	0.08193667	0.2488455	0.19233848	0.3939752	0.2710014	0.12475565	-0.4487303	-0.16164044	-0.19043931	-0.055137385	0.02999972	0.07472092	-0.123200275	-0.37487644	-0.12297657	-0.09644117	0.086642735	-0.4088294	-0.32884237	-0.30703726	0.21204396	-0.21227545	0.10984797	0.27690753	-0.007303554	0.26607934	-0.40411124
0.09972538	0.03740488	0.18456805	0.111401096	0.26057884	0.20084904	0.44868666	0.28897357	0.13925394	-0.49273884	-0.1808435	-0.20621671	-0.044079155	0.006091687	0.0769056	-0.1313263	-0.4115302	-0.11152573	-0.110634826	0.10218562	-0.468128	-0.37821066	-0.30989525	0.2142188	-0.20325464	0.10683191	0.33395153	-0.023317253	0.30425417	-0.44505888
0.10336512	0.046942126	0.19472814	0.107355006	0.26263967	0.23560572	0.4504194	0.31798548	0.16351707	-0.5222179	-0.19205305	-0.22901624	-0.04187531	0.021489512	0.09258262	-0.12504624	-0.4222123	-0.13756685	-0.0999308	0.08730736	-0.4942989	-0.3937789	-0.33179623	0.24225488	-0.21566518	0.12358698	0.32674426	-0.019874271	0.31491917	-0.4750591
0.043925572	0.01174411	0.119976364	0.06077218	0.15007111	0.11027189	0.24715264	0.16720548	0.085915804	-0.2555153	-0.094727226	-0.09976525	-0.03483907	-0.00095877383	0.04058106	-0.07217346	-0.21606214	-0.07018792	-0.04206614	0.05291414	-0.24543422	-0.19995686	-0.17054643	0.13673088	-0.12743783	0.04335717	0.17494912	-0.018253965	0.15205368	-0.23782873
0.08440214	0.02166017	0.16450652	0.07612827	0.21788934	0.15692523	0.3583786	0.23644975	0.10347357	-0.3976321	-0.1434639	-0.17325956	-0.046404194	0.026962483	0.06255268	-0.1005356	-0.32255387	-0.09069933	-0.08035448	0.08680574	-0.34304422	-0.29937592	-0.26496434	0.17232643	-0.16977376	0.085084654	0.26320678	-0.01575084	0.24245137	-0.33990166
0.09089562	0.029279608	0.1742515	0.109168895	0.25080854	0.20588353	0.43375823	0.27662	0.122032404	-0.48937422	-0.16980185	-0.19177894	-0.04717002	0.016562358	0.060788464	-0.12001821	-0.401686	-0.13559897	-0.10842905	0.0997912	-0.43002233	-0.37719542	-0.30823454	0.22043929	-0.22379793	0.09856128	0.30712926	0.0017194737	0.29805517	-0.41213983
0.08541685	0.034107853	0.15530786	0.07813692	0.19565286	0.14538138	0.3081264	0.21507199	0.10491753	-0.36726552	-0.13075933	-0.15526126	-0.022221902	0.006597619	0.063085996	-0.111929074	-0.3102665	-0.08019613	-0.08761279	0.07157047	-0.34674165	-0.29185793	-0.23565629	0.15876457	-0.16976352	0.080395944	0.24567875	0.005509155	0.2340648	-0.32704967
0.08914568	0.028722936	0.19300085	0.11850242	0.2533969	0.2176168	0.4260358	0.28651866	0.14627796	-0.50790155	-0.17091851	-0.22457944	-0.06340451	0.0345515	0.06252537	-0.13335449	-0.40180477	-0.12225746	-0.09688589	0.11099809	-0.45077655	-0.38138878	-0.33361876	0.24557756	-0.21096632	0.10946703	0.33460692	-0.0051593017	0.3229984	-0.45075816
0.085907035	0.030801745	0.15510806	0.082035266	0.19265464	0.15326658	0.34285092	0.21475026	0.117803074	-0.3918435	-0.1440846	-0.14841038	-0.027932663	0.00050648215	0.05113373	-0.090975575	-0.30506906	-0.111102045	-0.06599807	0.057023186	-0.35150468	-0.2777947	-0.25814888	0.18251413	-0.18106122	0.08348574	0.23882176	-0.015950283	0.22714789	-0.34336504
0.09407156	0.032587834	0.17483626	0.08205603	0.2446103	0.2003941	0.38093832	0.26100639	0.12153107	-0.42910796	-0.135188	-0.16615127	-0.026580852	0.018293405	0.06926088	-0.09966316	-0.34529188	-0.100354575	-0.09949637	0.09565482	-0.41599452	-0.31915954	-0.29466254	0.20363426	-0.18152876	0.07519306	0.29583794	-0.020639345	0.25783497	-0.38115805
0.053702503	0.033293243	0.12851173	0.06990271	0.19734965	0.16216503	0.2940341	0.197945	0.09774184	-0.33429962	-0.11150492	-0.13994725	-0.027037611	0.026579458	0.050656307	-0.09038683	-0.2693049	-0.09665356	-0.08541901	0.060388725	-0.3079247	-0.26745304	-0.2113005	0.14996827	-0.1471755	0.069243506	0.23261078	-0.02057284	0.20059754	-0.31482452
0.13232976	0.03985041	0.24617912	0.14964147	0.3513829	0.28167963	0.5696567	0.36783868	0.17275971	-0.6569227	-0.2100677	-0.25280872	-0.0749323	0.035654254	0.10618325	-0.17689341	-0.54182863	-0.15584601	-0.1330048	0.10644381	-0.6118182	-0.5014695	-0.4173284	0.2841482	-0.29575735	0.14760052	0.40538317	-0.017042518	0.3911565	-0.5574193
0.09834516	0.0219291	0.18653344	0.09800737	0.24308704	0.19787972	0.41558933	0.2641732	0.13997695	-0.4536636	-0.16836588	-0.19411781	-0.053759478	0.006623678	0.07555125	-0.10772055	-0.39519975	-0.11653767	-0.08897325	0.09381635	-0.4333802	-0.34882864	-0.31563887	0.22285184	-0.2181655	0.0954979	0.31594625	-0.008320042	0.288371	-0.39871264
0.087906145	0.013326626	0.14489892	0.0787032	0.19783273	0.1791616	0.34433386	0.23563015	0.11003993	-0.3736067	-0.13610904	-0.17136392	-0.027169656	0.0201134	0.052129798	-0.11112252	-0.3272724	-0.08688043	-0.06286929	0.079707354	-0.356707	-0.2813341	-0.25865242	0.18646008	-0.17517167	0.07679123	0.25549707	-0.0006347514	0.24413013	-0.35208493
0.05179441	0.041465122	0.13410874	0.06865771	0.17304963	0.15379545	0.27581888	0.17480123	0.09705413	-0.34413368	-0.1123447	-0.12125525	-0.043331333	0.0041145063	0.056801468	-0.07754185	-0.28119564	-0.077330634	-0.051156826	0.07835186	-0.28918606	-0.26346964	-0.21886745	0.16810001	-0.15901363	0.07188768	0.21319802	0.0015598756	0.2056692	-0.29633734
0.08449331	0.049219117	0.17214708	0.0998933	0.26285347	0.21036561	0.3954954	0.27353317	0.1302605	-0.4803495	-0.17573804	-0.18211897	-0.028891312	0.027534537	0.0758135	-0.110322244	-0.38632348	-0.11178707	-0.084425196	0.075496085	-0.42318386	-0.3431279	-0.32103732	0.2188208	-0.1992208	0.08292854	0.30867806	-0.021080313	0.27320582	-0.40021417
0.06880625	0.03162551	0.14638528	0.08945672	0.21440056	0.18734828	0.3458324	0.22203566	0.10742663	-0.40990058	-0.1367384	-0.17772208	-0.03452959	0.016975598	0.06503564	-0.09551569	-0.35130408	-0.10396264	-0.09611705	0.065469295	-0.37150383	-0.32252777	-0.25741753	0.18363346	-0.17592588	0.08537702	0.26556167	-0.008177149	0.23640195	-0.35226297
0.11804511	0.054615278	0.24585864	0.111232296	0.3161201	0.26633355	0.54295635	0.3502935	0.17574586	-0.6051065	-0.20153539	-0.2501504	-0.0673432	0.036035802	0.09975262	-0.16884023	-0.4986675	-0.16855949	-0.13065743	0.120604396	-0.5492996	-0.4428088	-0.40491173	0.2883892	-0.24928334	0.120541945	0.37407446	-0.024877409	0.34641865	-0.54379594
0.10031343	0.031739596	0.1809179	0.10517743	0.25762963	0.21392618	0.4219639	0.28647807	0.1191592	-0.4771356	-0.16408338	-0.20137231	-0.045438856	0.03709264	0.06438385	-0.1161875	-0.37668443	-0.11238552	-0.08655327	0.08527249	-0.42391098	-0.36581844	-0.3142744	0.22555798	-0.19682872	0.0942523	0.31302932	-0.005267316	0.276336	-0.4119199
0.08880973	0.020440096	0.15981925	0.08011206	0.23274715	0.17611453	0.3730115	0.24534073	0.115460485	-0.43461218	-0.15670782	-0.19270271	-0.038485527	0.011337145	0.05464435	-0.12024275	-0.34366828	-0.103319176	-0.100384936	0.06727791	-0.4034202	-0.3399133	-0.28673527	0.21396334	-0.17586817	0.07667538	0.27053785	-0.012689452	0.2738434	-0.3736631
0.09339088	0.047277007	0.1866958	0.10342072	0.25620314	0.22693893	0.4434272	0.30488083	0.1348604	-0.50078505	-0.19045658	-0.20055069	-0.04553573	0.011884554	0.070372514	-0.14225638	-0.40817806	-0.1270242	-0.1034878	0.08234516	-0.4804319	-0.3801572	-0.32403925	0.22751261	-0.21162266	0.0961169	0.33990446	0.0028176391	0.30385876	-0.43372765
0.10178549	0.03779156	0.18892494	0.09843238	0.23038562	0.1876457	0.39999315	0.2613712	0.14406998	-0.46861085	-0.16131924	-0.17494233	-0.048965193	0.0261112	0.07497617	-0.11012198	-0.37952676	-0.10005579	-0.09736643	0.10175667	-0.4257858	-0.35640606	-0.31325507	0.21530013	-0.2081067	0.11120875	0.29025126	-0.020126421	0.28634086	-0.41553086
0.08570538	0.02246032	0.14306958	0.08889038	0.20884202	0.15369238	0.30963644	0.20338316	0.092539795	-0.3565375	-0.117284395	-0.14936952	-0.030330095	0.010025642	0.05052483	-0.10122655	-0.2920672	-0.08009154	-0.08675018	0.080926	-0.32223007	-0.28405333	-0.22487351	0.17443685	-0.17665328	0.073080234	0.22376952	-0.011076622	0.22964497	-0.3367501
0.086017676	0.035205774	0.12563251	0.058742598	0.19220379	0.14069203	0.33028346	0.1926562	0.0981214	-0.34324586	-0.13467614	-0.13919394	-0.027825674	0.008581783	0.06704578	-0.11031367	-0.27758184	-0.09476573	-0.06238999	0.07525214	-0.31434467	-0.27574563	-0.23039785	0.18125626	-0.14706121	0.06929593	0.22933823	0.003923301	0.22490217	-0.3096837
0.083568834	0.046819057	0.1847885	0.0948112	0.26450458	0.22765364	0.4268641	0.2824183	0.15329793	-0.48479176	-0.1600124	-0.20077004	-0.06465768	0.01365035	0.08566196	-0.14239424	-0.39530012	-0.13458997	-0.09996386	0.097389996	-0.43483263	-0.3829278	-0.33679318	0.23542294	-0.22695859	0.11172993	0.3304423	-0.015508211	0.31286076	-0.44643307
0.0888713	0.021593709	0.19417053	0.08045525	0.22955737	0.1886122	0.38652974	0.24956748	0.14404023	-0.45566624	-0.15353651	-0.20098971	-0.037587058	0.023582745	0.08078549	-0.10718982	-0.36180475	-0.10551545	-0.10014846	0.102153964	-0.40722215	-0.32850057	-0.29177612	0.2111435	-0.20017467	0.07920925	0.30090582	0.0020346525	0.2650203	-0.40931773
0.12057196	0.040416144	0.22486927	0.12337248	0.30053318	0.21910667	0.46694788	0.30892193	0.14806744	-0.5263635	-0.16718212	-0.22557142	-0.05732719	0.026712554	0.09350982	-0.14666697	-0.44491228	-0.14164059	-0.111730546	0.10677619	-0.5011774	-0.39481464	-0.33947006	0.25028297	-0.22254415	0.10984519	0.35353258	-0.017963955	0.3183607	-0.48109722
0.12518862	0.06050484	0.25603825	0.15161364	0.35922822	0.28545237	0.57299274	0.39061463	0.18859737	-0.6437799	-0.22643326	-0.2541866	-0.06574944	0.020316022	0.09759226	-0.17778888	-0.5366407	-0.1580491	-0.14425331	0.11014889	-0.61340255	-0.49271995	-0.41729367	0.3171123	-0.29130483	0.12779234	0.43437797	-0.002587498	0.3922215	-0.57951623
0.10372414	0.027003283	0.1902983	0.08102097	0.2414303	0.19324146	0.4223372	0.2745879	0.13843986	-0.48104942	-0.15164281	-0.21292777	-0.058444552	0.027142024	0.059979178	-0.10944699	-0.39842305	-0.11353014	-0.09454957	0.07299243	-0.44297737	-0.34542155	-0.32737714	0.213395	-0.19814785	0.08977669	0.29418823	-0.024633814	0.27884555	-0.4130345
0.10812282	0.029795561	0.21757849	0.11107859	0.2673149	0.23684312	0.43879005	0.3125828	0.14396402	-0.51384765	-0.16335566	-0.21066703	-0.05395065	0.01556768	0.09067409	-0.13740909	-0.43247795	-0.14672746	-0.09322913	0.10321554	-0.47087252	-0.37622362	-0.35043213	0.22424065	-0.21395014	0.10011412	0.31775165	-0.022679066	0.29803652	-0.45652992
0.0699571	0.011834915	0.0924524	0.049001902	0.1479671	0.120830156	0.21691643	0.14787331	0.072003536	-0.27742058	-0.07373162	-0.11131586	-0.024676865	0.017808832	0.033361655	-0.06847907	-0.22015639	-0.06049434	-0.04306828	0.06513773	-0.2446561	-0.21289025	-0.16941616	0.112117894	-0.11977445	0.0592135	0.17194101	-0.01992972	0.17328984	-0.23838481
0.09459503	0.02373638	0.16927515	0.0897854	0.22805944	0.18616675	0.3833478	0.26226935	0.13431023	-0.42845747	-0.1409988	-0.18817973	-0.03364012	0.024978267	0.06283274	-0.10017004	-0.35765016	-0.11202129	-0.09123848	0.07725686	-0.39204833	-0.34631443	-0.28355297	0.1970945	-0.1777557	0.09723518	0.27530614	-0.017502034	0.27698436	-0.40034804
0.10433267	0.0463594	0.20218915	0.08659586	0.2576272	0.19927494	0.41264638	0.26095086	0.12937945	-0.48254806	-0.1720006	-0.18214327	-0.03245784	0.0360764	0.061788633	-0.13887818	-0.3864543	-0.11313562	-0.0882801	0.10357318	-0.42777285	-0.37462494	-0.3142383	0.22246839	-0.21798421	0.0884291	0.31071994	-0.016741956	0.3026674	-0.41513947
0.100890405	0.036346678	0.21629588	0.118377335	0.31585622	0.23706952	0.5136594	0.34128308	0.17859143	-0.5823294	-0.19014962	-0.24678536	-0.041639756	0.038755924	0.087673046	-0.1646666	-0.4837851	-0.14540455	-0.121816464	0.11183389	-0.5345585	-0.434927	-0.36944768	0.2736806	-0.26027513	0.119332336	0.3806668	-0.013317027	0.350198	-0.48886397
0.07757039	0.032645017	0.123574525	0.063195065	0.19345337	0.16131963	0.30601808	0.19958736	0.10476578	-0.34284878	-0.11520044	-0.14640915	-0.030080348	0.030606441	0.05679613	-0.091965385	-0.28682733	-0.07615466	-0.080436975	0.048907712	-0.29824534	-0.27428153	-0.23023641	0.15795101	-0.15309739	0.0814993	0.23563062	-0.012000965	0.1946657	-0.31418678
0.076596916	0.022723092	0.180878	0.10249302	0.21772234	0.18142456	0.38639602	0.2516816	0.122521445	-0.43483445	-0.15660647	-0.16651489	-0.04877878	0.018338304	0.05109397	-0.12463825	-0.3392823	-0.112306245	-0.083885804	0.091558	-0.40964374	-0.33841652	-0.28499052	0.1918044	-0.18807785	0.07972161	0.2760385	-0.017707067	0.2748286	-0.38129586
0.07410723	0.021347944	0.16015175	0.09804378	0.23407945	0.1939971	0.37766734	0.24286444	0.13201073	-0.447542	-0.13703305	-0.17051315	-0.026488632	0.020010725	0.051351454	-0.111014694	-0.35324952	-0.10307219	-0.09709261	0.08434916	-0.40856275	-0.31760502	-0.27295026	0.18355113	-0.17095155	0.08662267	0.2722825	-0.017531268	0.2763955	-0.3717281
0.07345609	0.016924651	0.15624827	0.08802118	0.21725777	0.16541418	0.32507613	0.2109072	0.12256689	-0.3878683	-0.13979091	-0.1701803	-0.035917807	0.032352634	0.0569478	-0.09306413	-0.3128953	-0.085452825	-0.06017609	0.06623834	-0.34587374	-0.27835464	-0.24194011	0.18814743	-0.17300768	0.08733002	0.24705811	-0.026245937	0.23199756	-0.32048362
0.0763887	0.042868212	0.15343189	0.10062336	0.23786837	0.1765065	0.37889308	0.24347839	0.12630899	-0.43760666	-0.16122644	-0.1648351	-0.043554742	0.03440713	0.08254656	-0.11172546	-0.33754337	-0.1185763	-0.095833175	0.072147444	-0.37737653	-0.31957775	-0.2947772	0.18117823	-0.17589024	0.09449621	0.2915241	-0.020442203	0.25917503	-0.3764142
0.098606616	0.039578408	0.24107443	0.11568653	0.30429667	0.26626188	0.5085795	0.34204242	0.16873127	-0.56041443	-0.19669011	-0.2482359	-0.06023516	0.011125977	0.0879743	-0.14371689	-0.46414962	-0.13218503	-0.10744305	0.09258567	-0.53380144	-0.44848165	-0.38166022	0.27883136	-0.2638716	0.10871891	0.37239116	-0.01614906	0.33656088	-0.48797417
0.11346614	0.054361586	0.1964636	0.108170435	0.2686242	0.21285187	0.4538301	0.30876526	0.15688427	-0.52635735	-0.1812619	-0.20652828	-0.06708765	0.018964235	0.077560075	-0.14074196	-0.44173694	-0.14785413	-0.098116785	0.08866309	-0.46099785	-0.39343026	-0.3504485	0.22714332	-0.2096381	0.112060234	0.33409813	0.0010505094	0.30726588	-0.4628903
0.09603835	0.037536647	0.22359706	0.101908766	0.27662355	0.24726069	0.48594844	0.30309102	0.17040034	-0.5530874	-0.1791564	-0.22381036	-0.059973005	0.030353831	0.081722006	-0.12839617	-0.4369798	-0.14607064	-0.11187589	0.09174675	-0.5018443	-0.41879937	-0.3680144	0.26745054	-0.22306162	0.10839252	0.34341317	-0.0076832296	0.34384385	-0.4683584
0.10061203	0.044534862	0.21546696	0.10596549	0.2705997	0.22070743	0.4332673	0.29956463	0.1286529	-0.51055115	-0.17521057	-0.19424154	-0.03410357	0.008584793	0.06386136	-0.14335957	-0.41910046	-0.118193656	-0.1150151	0.08251823	-0.47494674	-0.38163802	-0.3171808	0.24848762	-0.23238699	0.10770365	0.3232025	-0.0239629	0.3200637	-0.43620074
0.07939934	0.03219756	0.19045	0.09567008	0.25026813	0.19828846	0.39435977	0.27414602	0.12367016	-0.45044115	-0.1395499	-0.1759809	-0.030026576	0.01083585	0.058568176	-0.13502516	-0.35849094	-0.12788749	-0.10731147	0.06929453	-0.4030772	-0.33778298	-0.2959049	0.21441486	-0.20231502	0.09239705	0.30569375	-0.026359864	0.29306653	-0.38777015
0.14125319	0.052390996	0.25501296	0.1523147	0.36558896	0.29436272	0.5800267	0.38354555	0.20228255	-0.65500766	-0.21408254	-0.27508232	-0.076923676	0.03700865	0.10566701	-0.18851238	-0.5273771	-0.15722196	-0.14234479	0.1094026	-0.5867041	-0.4980067	-0.44015086	0.29055223	-0.29387322	0.11941533	0.43090793	-0.0028857896	0.39910215	-0.5773061
0.09083372	0.046729703	0.173989	0.07883913	0.21272701	0.18361947	0.3841967	0.25822738	0.13115285	-0.40521905	-0.14471911	-0.16296649	-0.03843595	0.0034273802	0.06362531	-0.11536209	-0.33116502	-0.09638451	-0.10191599	0.08536596	-0.38394186	-0.30736428	-0.26381803	0.17932835	-0.19116956	0.077304214	0.26791993	-0.005267987	0.26106128	-0.3856148
0.11315903	0.043814223	0.18615001	0.08280508	0.26161724	0.21706426	0.40677598	0.27901512	0.14242645	-0.49384007	-0.15173568	-0.19736725	-0.037179556	0.028049821	0.0753318	-0.13665833	-0.39807823	-0.11488477	-0.0900968	0.08976713	-0.4528205	-0.35164005	-0.32727158	0.2334938	-0.19172145	0.10217837	0.29669195	-0.02471649	0.2742986	-0.42547023
0.08719922	0.042924073	0.18702415	0.08752443	0.21648672	0.19999278	0.39713144	0.23680726	0.13784939	-0.43346426	-0.14863092	-0.18557829	-0.05924927	0.035928417	0.051822625	-0.10774148	-0.35102415	-0.12693012	-0.08493138	0.09473608	-0.39197353	-0.3428105	-0.2973451	0.20476392	-0.17927417	0.07883123	0.27377403	-0.0020643002	0.25871813	-0.39233747
0.055178717	0.031761754	0.12015883	0.05440452	0.18389311	0.15177262	0.2808157	0.17400572	0.09496979	-0.3123361	-0.09673979	-0.13664983	-0.034568593	0.013738859	0.05723007	-0.096477136	-0.26861197	-0.072047554	-0.062431462	0.06418294	-0.2895494	-0.25601038	-0.22585611	0.15602818	-0.13884906	0.07642942	0.22860713	-0.018499633	0.2025073	-0.28927505
0.11960376	0.04543409	0.21661626	0.11955907	0.26975405	0.23248677	0.44069445	0.2945023	0.12745959	-0.5243147	-0.18255354	-0.19963205	-0.058955334	0.031405665	0.07309898	-0.14095634	-0.42918158	-0.13394487	-0.09538059	0.10862825	-0.47399843	-0.39124885	-0.35047242	0.2520366	-0.20144539	0.09446501	0.31107804	-0.017445844	0.30880105	-0.44778606
0.08671302	0.020898152	0.16994976	0.08364834	0.2357413	0.17811638	0.36473367	0.24008022	0.10301991	-0.41770518	-0.13225989	-0.1782906	-0.036315665	0.034843825	0.07974558	-0.09568741	-0.35647	-0.12020123	-0.07700809	0.08221386	-0.3864034	-0.32032967	-0.2736238	0.20209426	-0.18338151	0.09438137	0.27002558	-0.025084792	0.25140038	-0.38313535
0.07739151	0.034957327	0.14266971	0.08213074	0.2001743	0.17482261	0.34986532	0.22520746	0.11924363	-0.38189358	-0.14692067	-0.17196886	-0.03939507	0.0015240496	0.070080936	-0.11787676	-0.3199235	-0.09008509	-0.082413554	0.06270585	-0.3623445	-0.29452276	-0.26592606	0.19075783	-0.16994365	0.06428261	0.25613734	-0.024946958	0.23855239	-0.32814693
0.09132786	0.042724643	0.18338409	0.1052015	0.2500095	0.19799815	0.39352977	0.26736957	0.12838408	-0.4642942	-0.14127931	-0.17376077	-0.040270515	0.028101334	0.063851885	-0.1254382	-0.3709858	-0.110491075	-0.10852783	0.09470272	-0.4151526	-0.35209736	-0.30551827	0.22375177	-0.1990665	0.07938729	0.29870138	-0.0048244256	0.2790826	-0.41206998
0.111584455	0.034876134	0.213826	0.0875366	0.25753227	0.22989295	0.43569323	0.30118412	0.15598817	-0.48286146	-0.15573035	-0.19166516	-0.038762514	0.006044369	0.07041034	-0.14323926	-0.40776196	-0.1295469	-0.08530822	0.0759024	-0.46620202	-0.3900235	-0.3176886	0.24544743	-0.21748355	0.100903265	0.3273138	0.003716777	0.30616274	-0.45193076
0.08808603	0.034666304	0.16203247	0.09157584	0.2258326	0.1761755	0.35857847	0.24610803	0.12686673	-0.40602052	-0.12462185	-0.15556373	-0.03910969	0.004932922	0.0659062	-0.11256484	-0.3217515	-0.0921069	-0.08246315	0.06818947	-0.3622164	-0.29642656	-0.27394676	0.1842414	-0.17302369	0.09289045	0.2523563	-0.02620906	0.23514749	-0.34916836
0.060323156	0.031168008	0.12366307	0.06323304	0.15194137	0.119750254	0.2609609	0.14603528	0.07427502	-0.2899332	-0.10749477	-0.11369127	-0.013938164	0.028432267	0.054597892	-0.07371572	-0.21638948	-0.064844	-0.07142777	0.058941875	-0.24473645	-0.19546185	-0.19150822	0.12342949	-0.1287035	0.062804475	0.18542878	-0.017523978	0.16736263	-0.2558958
0.08099303	0.020933691	0.17992364	0.09205651	0.21933953	0.18384081	0.3651584	0.24167636	0.1096927	-0.40426046	-0.14154233	-0.1603033	-0.054144513	0.015046464	0.06608623	-0.09521228	-0.3304266	-0.08894875	-0.071090885	0.0812008	-0.3848158	-0.3232652	-0.25966766	0.2052837	-0.18043041	0.09401128	0.26863125	-0.005292008	0.23943768	-0.37517232
0.093101904	0.039159063	0.19182225	0.08705277	0.2508561	0.20943972	0.42463034	0.29248688	0.12542002	-0.46822807	-0.1626126	-0.20535111	-0.033768404	0.03876627	0.084937416	-0.113860495	-0.38138857	-0.12200649	-0.096192196	0.096512385	-0.4394764	-0.37014022	-0.33429712	0.20981073	-0.20671655	0.10650203	0.32452014	-0.027174952	0.30447826	-0.4194224
0.0926435	0.035820868	0.15807633	0.08790546	0.22104216	0.16012946	0.34631693	0.21040572	0.11890524	-0.39107108	-0.13993813	-0.15664376	-0.034757134	0.031895038	0.057614114	-0.115573615	-0.30662823	-0.09582155	-0.092719465	0.083353505	-0.33974892	-0.28893554	-0.2616453	0.16467917	-0.15635239	0.064148575	0.26229852	-0.017169569	0.24906053	-0.347325
0.05284558	0.017861651	0.15043966	0.056260597	0.19344598	0.1602379	0.30224103	0.20466916	0.09245225	-0.34633726	-0.108551025	-0.14414516	-0.044442493	0.025166037	0.055991832	-0.100549676	-0.29206577	-0.09807276	-0.08045583	0.06969166	-0.32313454	-0.25800687	-0.23169456	0.16482496	-0.13861477	0.066795655	0.22723874	-0.025268383	0.19730462	-0.28739232
0.08668961	0.029885946	0.15333153	0.08214492	0.21436435	0.14716572	0.33619618	0.20305224	0.111031935	-0.3536288	-0.13111888	-0.14311449	-0.030851671	0.012311824	0.07367463	-0.08270609	-0.2975205	-0.104125775	-0.081883386	0.085694164	-0.33534992	-0.27952692	-0.22780964	0.18363123	-0.17077397	0.079019874	0.2398208	-0.020589326	0.24023168	-0.33460087
0.08404096	0.032318898	0.18754625	0.100018345	0.22850244	0.20427984	0.3880978	0.25689012	0.13587865	-0.46925142	-0.14353149	-0.18802497	-0.029241314	0.022312596	0.06165617	-0.13130455	-0.35470566	-0.12923837	-0.083131455	0.08586838	-0.4259266	-0.3330071	-0.29546583	0.22718945	-0.19127731	0.10918063	0.30603895	-0.0067201727	0.290977	-0.4080922
0.08003809	0.028149657	0.14225435	0.06839327	0.21232659	0.18714835	0.33538678	0.21617219	0.098993346	-0.38635927	-0.12234138	-0.17014252	-0.04112158	0.020501036	0.07175443	-0.100464016	-0.33259517	-0.115263276	-0.07920245	0.07346747	-0.35305002	-0.28191963	-0.24495076	0.1669348	-0.1862622	0.08656736	0.25862524	-0.007084775	0.23636973	-0.3635206
0.092919685	0.015385401	0.15498963	0.0801155	0.206806	0.18808953	0.36383748	0.23768952	0.12568848	-0.38437605	-0.1506918	-0.16316693	-0.021760616	0.019451698	0.05288687	-0.08782943	-0.31196815	-0.10717264	-0.0671576	0.07879599	-0.358092	-0.28989026	-0.24449314	0.1828507	-0.18351538	0.07015754	0.27297035	-0.0117652565	0.24287069	-0.3430338
0.11347201	0.04656799	0.21832111	0.10676413	0.31461805	0.24624904	0.50969905	0.3207134	0.17232749	-0.5711685	-0.20496164	-0.2410452	-0.04077894	0.029257787	0.09360864	-0.1566657	-0.46863043	-0.14063309	-0.11117393	0.100836396	-0.5299342	-0.44191507	-0.3898599	0.27660093	-0.24163884	0.13395959	0.3683577	-0.01133351	0.34661895	-0.51706976
0.026139583	0.028929908	0.05870337	0.043228544	0.092575766	0.084701434	0.1463085	0.09929772	0.048532452	-0.17166182	-0.068977945	-0.07730833	-0.030619886	0.012431845	0.036394864	-0.043281928	-0.14337932	-0.051754728	-0.028590543	0.047934834	-0.17074102	-0.11894892	-0.11914599	0.08552735	-0.07666052	0.046663105	0.111997195	-0.013598429	0.10871235	-0.13591328
0.09700718	0.039116632	0.17283763	0.092837185	0.22289409	0.17072958	0.37177804	0.25162324	0.12473246	-0.40173912	-0.13329731	-0.18594564	-0.039309286	0.03254014	0.06672885	-0.12241715	-0.34123638	-0.11915419	-0.07069376	0.077516064	-0.3780542	-0.32025862	-0.27311492	0.17888756	-0.18890113	0.07752825	0.28130364	-0.009148431	0.26240155	-0.37354138
0.054843407	0.027721934	0.13805562	0.05212304	0.16257465	0.13036184	0.2752655	0.17216726	0.099493355	-0.33292773	-0.1184559	-0.13782522	-0.040001985	0.023222072	0.047191564	-0.09728705	-0.26431945	-0.09437202	-0.057950918	0.06783842	-0.28400138	-0.23301739	-0.22167568	0.15467869	-0.13696502	0.08158651	0.20111546	0.002249935	0.18302605	-0.27891698
0.107633024	0.024886914	0.20424604	0.11211071	0.27292445	0.22925021	0.44670752	0.29884052	0.13772085	-0.50834084	-0.17952159	-0.21909384	-0.055752803	0.032734282	0.07336006	-0.12297996	-0.42204443	-0.12545002	-0.09042576	0.09857523	-0.4823168	-0.41252777	-0.33584687	0.2376563	-0.2394731	0.10750284	0.3438351	-0.00070614903	0.31190458	-0.44798818
0.117924355	0.0565953	0.22810344	0.13842215	0.3180701	0.27456665	0.5240008	0.3585887	0.16155133	-0.5980542	-0.19473803	-0.24738806	-0.048279475	0.043978184	0.10635216	-0.14675117	-0.4970184	-0.14547122	-0.13481611	0.117710434	-0.5598564	-0.452003	-0.40323055	0.26084685	-0.26606375	0.10621833	0.3959418	-0.0005973863	0.3605555	-0.5309308
0.0906421	0.022466121	0.17645511	0.08372557	0.23142825	0.1761712	0.34218606	0.23160687	0.1112471	-0.40649587	-0.14894748	-0.15764987	-0.028664973	0.030006386	0.07310041	-0.118405454	-0.32468373	-0.0925739	-0.076766185	0.06772335	-0.38180655	-0.30140013	-0.2643825	0.17505237	-0.18483174	0.09065967	0.25850585	-0.012750724	0.26109874	-0.36741117
0.08380521	0.035958257	0.15408525	0.090984926	0.24349788	0.1976706	0.3616627	0.23503414	0.115411244	-0.42102292	-0.13005608	-0.18436193	-0.047690462	0.01703055	0.07293779	-0.110491574	-0.3439052	-0.09826748	-0.07121295	0.06614779	-0.37496832	-0.31708276	-0.2657242	0.20712157	-0.19858411	0.1048433	0.28869447	-0.027432255	0.26780826	-0.3825557
0.06287146	0.022877965	0.12485435	0.061604727	0.18287216	0.14291091	0.3041437	0.20308205	0.08337776	-0.34979004	-0.121464655	-0.1404055	-0.03503756	0.00054274884	0.05316567	-0.08952362	-0.2810865	-0.085340746	-0.07892886	0.060917128	-0.32369867	-0.25360906	-0.23154633	0.16190687	-0.1666499	0.058504745	0.21616648	-0.01351252	0.20978871	-0.31223232
0.065133326	0.026314093	0.15091729	0.066327326	0.20855133	0.16567902	0.3139901	0.20178235	0.09795888	-0.38308924	-0.12588184	-0.13744435	-0.03457764	0.004688043	0.054501537	-0.09564058	-0.28693134	-0.08024059	-0.07749259	0.07792038	-0.346718	-0.2906224	-0.24880256	0.16923042	-0.16539016	0.06386053	0.22296737	-0.02582636	0.21723934	-0.3406489
0.048297744	0.021071836	0.13740519	0.06700424	0.17297386	0.15162046	0.2932357	0.1872014	0.074641734	-0.3353284	-0.10835896	-0.1195038	-0.04042029	0.023840595	0.049336154	-0.07145169	-0.26831403	-0.079315975	-0.05305918	0.069118656	-0.30320382	-0.22501357	-0.21776381	0.13423929	-0.15259944	0.079172924	0.21899492	-0.023925569	0.20420282	-0.2793614
0.05625935	0.017348615	0.13511908	0.07807662	0.16954125	0.14770874	0.2862685	0.17834339	0.085698016	-0.33998057	-0.0992374	-0.14153977	-0.032522906	0.029414402	0.065448076	-0.07410612	-0.27879012	-0.073398255	-0.059644457	0.0614327	-0.28321847	-0.2522983	-0.22213788	0.14897504	-0.13764404	0.052335333	0.19414051	0.0031407387	0.20701279	-0.27615398
0.11631533	0.03165173	0.2301943	0.11184365	0.3009646	0.24305001	0.50049335	0.3252536	0.17438838	-0.5486587	-0.19691727	-0.2301319	-0.056868304	0.03423425	0.0961487	-0.15755229	-0.4581556	-0.13306797	-0.11175884	0.1208941	-0.50842524	-0.41664514	-0.38539702	0.25529435	-0.25835422	0.11151577	0.3730597	-0.0014788357	0.33219445	-0.48814857
0.10309634	0.04734316	0.20722356	0.11530414	0.30274728	0.22411694	0.4749728	0.3204581	0.15882827	-0.5382758	-0.17878409	-0.21837643	-0.060590416	0.021730073	0.067613065	-0.13480474	-0.43630448	-0.1278527	-0.11820338	0.11142098	-0.49421334	-0.40735883	-0.34508735	0.255502	-0.23726682	0.11677152	0.33931154	-0.007642634	0.32454538	-0.4692832
0.10479175	0.053152557	0.2081254	0.10731806	0.27386534	0.21756281	0.45728773	0.27703983	0.13392751	-0.50383705	-0.16358894	-0.19659817	-0.042672776	0.024073526	0.07246999	-0.1397286	-0.40516338	-0.11634652	-0.117091455	0.08861756	-0.4525963	-0.38203922	-0.33054698	0.23234105	-0.23117071	0.0946693	0.33414924	-0.015900627	0.3193424	-0.44738385
0.055876564	0.03511616	0.1340138	0.08264649	0.18091105	0.1514224	0.29735804	0.19699599	0.07962753	-0.3427339	-0.10779241	-0.13216162	-0.02950613	0.0015708384	0.049619246	-0.07560208	-0.25671425	-0.08478426	-0.06881874	0.07761685	-0.304213	-0.24972712	-0.20786591	0.14935236	-0.15324487	0.0569768	0.22236432	-0.020887645	0.19020511	-0.2784864
0.092747	0.017961584	0.17864807	0.08336792	0.2344521	0.18946938	0.36078912	0.26283756	0.13746911	-0.4393579	-0.14754595	-0.16269743	-0.052470177	0.0064978087	0.05720052	-0.096344344	-0.33849508	-0.121587165	-0.095376045	0.084074154	-0.40571466	-0.30943942	-0.2888573	0.19984634	-0.20146883	0.10543717	0.2740958	-0.017579257	0.2692516	-0.36589754
0.106279664	0.038672443	0.18958908	0.10533919	0.2351461	0.1978725	0.40845618	0.26236346	0.1373475	-0.47996238	-0.17328458	-0.1901901	-0.05740137	0.007540166	0.073156804	-0.1370703	-0.37677866	-0.121679105	-0.08322719	0.088940345	-0.4334894	-0.34528586	-0.3112836	0.20823075	-0.18735088	0.088024504	0.3131026	-0.0034137021	0.2704547	-0.41657776
0.09290683	0.045536276	0.1580987	0.07319313	0.23259263	0.17265609	0.36569595	0.24518187	0.12996514	-0.4073233	-0.14762436	-0.15875	-0.024636641	0.0061192587	0.05768978	-0.116845444	-0.31579137	-0.115541495	-0.09873069	0.08940672	-0.37455142	-0.31684864	-0.27996537	0.17901328	-0.16151044	0.08564638	0.26999798	-0.011454345	0.2390353	-0.3680564
0.03343781	0.021145174	0.0754092	0.03901641	0.11762073	0.0864097	0.18614897	0.13906337	0.05458195	-0.20771489	-0.0837964	-0.087826826	-0.030176098	0.0039919955	0.023813631	-0.05559603	-0.18896352	-0.072227515	-0.03918809	0.047468927	-0.20609936	-0.17554356	-0.15015312	0.11861396	-0.096385	0.037288487	0.1539482	0.004191717	0.11948497	-0.18765083
0.042401344	0.019058442	0.117803276	0.039539557	0.15686597	0.11248626	0.23941128	0.16597642	0.07141501	-0.27178535	-0.10089874	-0.10839029	-0.014582968	0.0235021	0.049544957	-0.079036064	-0.23131123	-0.06253847	-0.04165313	0.04840784	-0.26248014	-0.20065445	-0.16408342	0.12493089	-0.12427359	0.058838107	0.16112307	0.0006762827	0.16315678	-0.25111592
0.058861937	0.026745379	0.11366627	0.034961417	0.12068791	0.11048289	0.23225126	0.14157727	0.06799714	-0.24489506	-0.087412946	-0.11102604	-0.037802115	0.012843694	0.053121198	-0.04794365	-0.21372864	-0.051682886	-0.035553567	0.031993505	-0.23612249	-0.18261135	-0.16691604	0.11179837	-0.11968672	0.053530518	0.15686363	0.005074295	0.14342394	-0.20172665
0.07430403	0.03034879	0.11842765	0.07348024	0.16538589	0.14410579	0.27899402	0.16810666	0.08680865	-0.32421258	-0.11402786	-0.13278508	-0.03173838	0.008355844	0.044086084	-0.07327001	-0.26745266	-0.070007734	-0.07402992	0.06323698	-0.30745247	-0.22792229	-0.2037127	0.1389314	-0.14742002	0.07439624	0.20904927	-0.003908057	0.19661354	-0.2882051
0.07685518	0.029376352	0.130679	0.084767476	0.20216689	0.17067726	0.32544097	0.20604502	0.11970669	-0.37318313	-0.12607053	-0.15787563	-0.028284764	0.0073943716	0.05926358	-0.08981061	-0.28974658	-0.09552148	-0.05845701	0.065260686	-0.33271995	-0.26971033	-0.22722866	0.15847242	-0.16056593	0.08332224	0.23784809	-0.0044482024	0.20865448	-0.3233608
0.057955716	0.023060352	0.07664486	0.050936885	0.13848561	0.11246506	0.21267807	0.1496911	0.05796514	-0.24332616	-0.06652541	-0.09497057	-0.014942038	0.018127162	0.023595577	-0.05126147	-0.1960113	-0.05742723	-0.05610243	0.04069472	-0.20204152	-0.1725752	-0.15838534	0.09218765	-0.089541525	0.04371443	0.1411473	-0.019996706	0.12995957	-0.20623566
0.09892783	0.04826829	0.19085337	0.07709146	0.23170452	0.18197054	0.40175325	0.24806066	0.13768235	-0.46668372	-0.16638343	-0.18247136	-0.041201826	0.02610955	0.080479115	-0.12653531	-0.38618636	-0.119932584	-0.09488305	0.08149484	-0.40166372	-0.35251424	-0.309703	0.20049728	-0.18407775	0.10741319	0.2975158	0.0010012506	0.2715894	-0.40963402
0.10081358	0.044882733	0.16097729	0.084031336	0.22081524	0.1860455	0.37830982	0.25674248	0.13873364	-0.4243904	-0.13363749	-0.18524724	-0.046576045	0.014104051	0.06438294	-0.116834976	-0.3585949	-0.1008298	-0.09231147	0.08828539	-0.38257936	-0.33489078	-0.2918771	0.19468951	-0.18627545	0.10079053	0.28506556	-0.014636116	0.26985434	-0.37229928
0.10357896	0.026818812	0.2052076	0.10355688	0.2742007	0.22290862	0.41611364	0.2871886	0.12731138	-0.47850516	-0.1616956	-0.21684977	-0.031216944	0.022923956	0.07342003	-0.1387294	-0.3981386	-0.11950821	-0.10233398	0.079775095	-0.45781088	-0.37829277	-0.3323042	0.22018471	-0.19929358	0.107155584	0.32381693	-0.025897933	0.28483084	-0.42842385
0.083889365	0.015549117	0.15003467	0.068874925	0.19435292	0.1608746	0.3361468	0.22607002	0.113785565	-0.38156712	-0.13390408	-0.1437972	-0.04576565	0.0056662504	0.063833944	-0.099303104	-0.30386668	-0.09959519	-0.064300716	0.07859131	-0.3386446	-0.296949	-0.24125056	0.17871961	-0.1730358	0.084249206	0.23507082	-0.0024732815	0.21443433	-0.32702783
0.088829875	0.021756962	0.14964731	0.068074055	0.20671213	0.17196737	0.35767907	0.22512795	0.099209465	-0.39792895	-0.12673585	-0.1599289	-0.02491951	0.011289871	0.064141884	-0.09539655	-0.32649073	-0.11060887	-0.095789984	0.06238925	-0.38840044	-0.29522035	-0.27816632	0.19467363	-0.16371554	0.07066885	0.25720605	-0.017098919	0.24453366	-0.36324978
0.10356576	0.03665491	0.17313044	0.092378706	0.24058956	0.20256753	0.39171463	0.2507205	0.1422306	-0.43483055	-0.16340318	-0.19390462	-0.05689806	0.0034105065	0.07345453	-0.10934547	-0.351522	-0.10300712	-0.09370999	0.07292133	-0.41093022	-0.34834793	-0.28207517	0.20446807	-0.2005756	0.07879519	0.28045252	0.00031532056	0.25601923	-0.38758683
0.06527282	0.03593225	0.15811391	0.0821214	0.2190673	0.17427914	0.35031417	0.21943027	0.11311644	-0.37122184	-0.1324962	-0.16668315	-0.0494587	0.03320159	0.0435084	-0.10444371	-0.3148982	-0.09206433	-0.07196515	0.08371787	-0.3648087	-0.30202532	-0.24583004	0.19091046	-0.16123177	0.092806295	0.23453766	-0.022496523	0.23597644	-0.32096127
0.06966498	0.02176872	0.10012286	0.04216153	0.14069307	0.111739576	0.23382993	0.16335233	0.06165314	-0.2608809	-0.09480663	-0.10868995	-0.023946783	0.024538629	0.048978984	-0.08600866	-0.2179485	-0.057421017	-0.06580216	0.055644196	-0.24004336	-0.22114152	-0.1878059	0.14320028	-0.13265656	0.059629235	0.19100964	-0.016189931	0.1539984	-0.22648895
0.094673865	0.024170619	0.1656558	0.09807188	0.24320424	0.18578202	0.40392053	0.25508395	0.11373888	-0.44257402	-0.15637988	-0.17434931	-0.03085511	0.013780148	0.0779345	-0.12840517	-0.36853883	-0.09656471	-0.08037601	0.091685414	-0.4058721	-0.3482813	-0.28405243	0.20262988	-0.1983971	0.10371291	0.29411307	-0.028156716	0.2769519	-0.40163112
0.092384905	0.039827216	0.14588779	0.07417458	0.20265281	0.18938775	0.36695853	0.21716532	0.12417931	-0.40606543	-0.11941655	-0.16005002	-0.035445154	0.03128615	0.06770333	-0.09283845	-0.31188595	-0.11034249	-0.072218925	0.07191729	-0.35347804	-0.2952578	-0.25456303	0.17323458	-0.16103949	0.06849181	0.25687099	-0.011766699	0.22654322	-0.36128163
0.08613272	0.047218233	0.19850542	0.100467056	0.24523638	0.19185834	0.39488328	0.2792798	0.13167469	-0.46305665	-0.16083896	-0.18976426	-0.05422187	0.014185587	0.0632336	-0.11544935	-0.3762224	-0.1065621	-0.10431257	0.074255295	-0.40884456	-0.3361402	-0.3130138	0.19726677	-0.21128723	0.109804206	0.29803878	-0.00043626854	0.2884239	-0.39376473
0.08866042	0.04110796	0.17172137	0.10224317	0.22854173	0.17356491	0.37538862	0.25332364	0.12523536	-0.4270556	-0.16007197	-0.18788794	-0.025884245	0.026164785	0.057495005	-0.10732166	-0.36212978	-0.09884979	-0.07118012	0.08839834	-0.39802304	-0.3314279	-0.2629828	0.19485682	-0.18971263	0.09900663	0.25955462	-0.013131006	0.2744935	-0.37997612
0.06981209	0.04060201	0.14957689	0.07675495	0.21407518	0.18269968	0.3369366	0.24648793	0.0981853	-0.3896451	-0.1514844	-0.16805421	-0.04785318	0.001369486	0.078300014	-0.10050934	-0.3425962	-0.11558031	-0.07042012	0.08937238	-0.378069	-0.3102608	-0.27575305	0.1866781	-0.16745207	0.072835974	0.24895404	-0.01587911	0.23843431	-0.3363286
0.06853572	0.01580066	0.08942923	0.047856115	0.15273312	0.0974423	0.24051689	0.15635516	0.06819384	-0.24568477	-0.0981663	-0.11270666	-0.030063942	0.008854927	0.027779233	-0.080028996	-0.19594973	-0.06628283	-0.046608202	0.061845355	-0.24763419	-0.19988014	-0.16369516	0.13273919	-0.12186189	0.0590322	0.1556294	-0.012171258	0.16350827	-0.21452919
0.054823775	0.012774619	0.10824379	0.055083297	0.14835261	0.11506349	0.23629664	0.1421005	0.08564309	-0.28134584	-0.09999655	-0.10672912	-0.026076	0.010584546	0.047243845	-0.07056823	-0.21319471	-0.055315256	-0.058992073	0.04608529	-0.23395962	-0.21352635	-0.17688002	0.13028198	-0.12578534	0.043307677	0.15925694	0.0047138515	0.16823266	-0.22603832
0.07908195	0.038187623	0.15781075	0.08887336	0.21071048	0.1927598	0.35891888	0.22243215	0.12110312	-0.39915594	-0.13276151	-0.1536209	-0.040940262	0.03490736	0.05213567	-0.10247608	-0.33428755	-0.09235781	-0.07365393	0.09433935	-0.36763796	-0.32119244	-0.28226903	0.20148164	-0.1823109	0.07243093	0.28375253	-0.002613333	0.2645483	-0.35606918
0.07204192	0.01198793	0.12462819	0.06260228	0.16963084	0.13945933	0.27876008	0.18171717	0.08105214	-0.29629844	-0.09888884	-0.10653797	-0.039254166	0.027782058	0.053502373	-0.07302842	-0.25139937	-0.08331406	-0.07120218	0.060181648	-0.2788715	-0.23838471	-0.18312904	0.12240849	-0.12654595	0.04952589	0.17910947	-0.014791838	0.17760077	-0.27779755
0.08920087	0.045929816	0.17254473	0.084353015	0.20455751	0.1575297	0.3398419	0.2166051	0.11912641	-0.40640703	-0.14178656	-0.15906209	-0.037326273	0.0075211027	0.053409547	-0.11389497	-0.3325182	-0.09735763	-0.0632495	0.070300974	-0.3614842	-0.29228988	-0.2599327	0.19362865	-0.15563071	0.075322516	0.26943547	-0.00068481674	0.24774398	-0.33712602
0.081149556	0.02398688	0.12671587	0.068962075	0.18813367	0.13485003	0.31017253	0.21092944	0.099469684	-0.35274613	-0.12666222	-0.15119164	-0.031367436	0.02621823	0.041025486	-0.095771715	-0.26155853	-0.078808896	-0.053449668	0.07860369	-0.32083467	-0.2576487	-0.21460532	0.16000742	-0.15028326	0.08095217	0.2223883	-0.013838581	0.20507872	-0.3059408
0.101821266	0.02670423	0.1956456	0.09773767	0.24557456	0.21634723	0.41521814	0.2555486	0.13799901	-0.45387042	-0.15126118	-0.18204956	-0.035956863	0.029013501	0.08194967	-0.12831612	-0.38653052	-0.109772	-0.10331487	0.08288197	-0.42496535	-0.3456796	-0.2991399	0.22712784	-0.18903837	0.089369714	0.30832452	-0.019345025	0.29990798	-0.42871404
