-0.13783346	0.02286302	-0.012133563	0.078377806	0.23246905	0.45273522	-0.32697552	0.13722317	-0.35567543	0.26813227	-0.023112409	-0.3791936	-0.14035262	0.22952577	-0.19122708	0.28803486	0.017106924	-0.22118892	-0.12059597	0.302606	-0.10244576	0.38910702	-0.015956596	0.48894033	0.22803655	-0.08743067	-0.40708688	-0.22152656	-1.091912	0.09723672
-0.15467525	0.03692768	-0.030859342	0.08379397	0.2380297	0.44998798	-0.3328568	0.16373678	-0.37414137	0.25186482	-0.038412854	-0.3650667	-0.16263759	0.23802757	-0.20368692	0.28303963	0.0036364936	-0.22285342	-0.11437438	0.31216425	-0.10714588	0.37768966	-0.005673429	0.5119874	0.22726607	-0.08625267	-0.40220392	-0.21979727	-1.1347029	0.11350547
-0.14804476	0.041633602	-0.023543458	0.097931735	0.24059062	0.45667294	-0.3225578	0.15144496	-0.37037423	0.25977775	-0.029680915	-0.38831174	-0.1364093	0.23811017	-0.18628512	0.28853858	-0.0071052816	-0.2139408	-0.14028372	0.33440274	-0.11030324	0.4081977	-0.012986086	0.52275914	0.24847971	-0.081447415	-0.42158583	-0.21727397	-1.1350721	0.12089089
-0.15766378	0.049430966	-0.037572145	0.095406845	0.23831908	0.46662602	-0.33793128	0.16908847	-0.37186456	0.28142896	-0.011864476	-0.38871452	-0.15435283	0.27044117	-0.19759075	0.2952165	0.007793415	-0.22662316	-0.14337909	0.34051615	-0.12857796	0.40523863	-0.0288674	0.54356164	0.24324588	-0.06941553	-0.4217469	-0.2333309	-1.1625185	0.11362413
-0.14851901	0.023023648	-0.022676606	0.1018918	0.23496968	0.47268134	-0.34297544	0.15729296	-0.38865748	0.26559618	-0.017104218	-0.38747177	-0.14906022	0.25210196	-0.21561271	0.28056356	0.020451134	-0.23386857	-0.13147616	0.3120401	-0.1305492	0.4047879	-0.03286116	0.5059896	0.23119274	-0.075561844	-0.42613432	-0.2114811	-1.1425072	0.12826963
-0.14996949	0.028906213	-0.011368662	0.06661975	0.21382025	0.4339613	-0.32022607	0.14311226	-0.35075933	0.25529882	-0.022541711	-0.36501274	-0.15196411	0.2497208	-0.17796446	0.2641643	0.008493071	-0.22101136	-0.10532035	0.31413186	-0.10869486	0.38312	-0.018274993	0.48142678	0.20814508	-0.06321541	-0.37945876	-0.1985199	-1.0708143	0.10997313
-0.1453698	0.025565533	-0.020756427	0.08715676	0.22808836	0.4607711	-0.3288616	0.1613661	-0.37180135	0.2721353	-0.030941812	-0.38474137	-0.15737708	0.25173238	-0.18730198	0.28407866	0.0014820142	-0.23759334	-0.13193657	0.31089106	-0.13573089	0.3715293	-0.02605497	0.49984995	0.2424454	-0.06576224	-0.39619297	-0.22326866	-1.0848815	0.10622448
-0.157827	0.025926052	-0.032226197	0.08559366	0.22213064	0.44479048	-0.30916816	0.13833706	-0.35230705	0.25165445	-0.0345127	-0.37222227	-0.14785218	0.2511019	-0.20925258	0.2956367	-0.0057046073	-0.22454056	-0.10854553	0.33149257	-0.13647887	0.38647863	-0.012961638	0.5201099	0.21789956	-0.08518071	-0.40964636	-0.23365344	-1.1164914	0.114270814
-0.12742127	0.03581397	-0.012943087	0.08863926	0.21809746	0.45080462	-0.31161672	0.15925099	-0.3470773	0.2679193	-0.016809689	-0.369862	-0.13411255	0.23628774	-0.19476387	0.26405725	0.013975751	-0.2039768	-0.13208733	0.31188628	-0.103670605	0.38426268	-0.014734429	0.48069727	0.22151667	-0.07374486	-0.39525798	-0.21478444	-1.0538307	0.12092217
-0.14285478	0.020517394	-0.010397729	0.10157932	0.23997691	0.45765033	-0.298466	0.16295443	-0.35490274	0.25025344	-0.01737121	-0.3551553	-0.14961664	0.23638634	-0.20532694	0.2550406	0.0026773552	-0.22440192	-0.13658537	0.31463015	-0.13810305	0.36079746	-0.011907083	0.50892264	0.24057095	-0.072765626	-0.39625368	-0.21895963	-1.0938649	0.11145178
-0.15774694	0.052052047	-0.00840004	0.074324474	0.2467488	0.46132547	-0.3087317	0.16153419	-0.37310302	0.27728984	-0.042117212	-0.3841249	-0.13577117	0.25535572	-0.19202389	0.27221897	0.015356354	-0.23833267	-0.1230791	0.3222799	-0.123710476	0.3931477	-0.0072566317	0.50031024	0.22218625	-0.061987676	-0.40092593	-0.20607413	-1.1182208	0.11894135
-0.15070392	0.052175403	-0.033225965	0.09133944	0.2328224	0.4672069	-0.31107435	0.16129602	-0.35105217	0.26710948	-0.031531982	-0.3849973	-0.15419473	0.24769518	-0.19104786	0.27741802	0.0037560118	-0.22743101	-0.10990619	0.32556885	-0.13639158	0.38277334	-0.02785721	0.50774896	0.23388526	-0.072764754	-0.3898206	-0.21276581	-1.102292	0.10849924
-0.1311084	0.03130678	-0.013807806	0.08775109	0.2161756	0.44517276	-0.30709475	0.1447862	-0.34273797	0.27093008	-0.012379778	-0.3575701	-0.15196645	0.23752871	-0.187076	0.27396822	-0.0056908033	-0.22776642	-0.11333791	0.31489635	-0.13121876	0.37840396	-0.010833892	0.4754826	0.20646928	-0.057565518	-0.3740931	-0.21845002	-1.0784655	0.123216525
-0.13410877	0.020100249	-0.026387332	0.08143163	0.24401516	0.4687885	-0.33736908	0.14618668	-0.3805854	0.27902052	-0.039692733	-0.37626174	-0.16661106	0.27305833	-0.199975	0.30409035	0.024432892	-0.21213964	-0.12015441	0.31535083	-0.12386666	0.39293137	-0.0034268063	0.5103031	0.24377121	-0.07666912	-0.40507093	-0.20776083	-1.1419317	0.107017785
-0.1496573	0.03650496	-0.0089228675	0.08934259	0.23385605	0.4640153	-0.34122756	0.16874777	-0.36744443	0.2541471	-0.039532073	-0.39282694	-0.15036619	0.25401878	-0.19334047	0.30016127	-0.00037924593	-0.2267846	-0.12499376	0.33419994	-0.14065896	0.397236	-0.027506527	0.5160553	0.22849149	-0.087002605	-0.40799084	-0.23243766	-1.1310902	0.11283078
-0.15398921	0.044960078	-0.011762178	0.0861084	0.22054286	0.45693055	-0.30420545	0.14189807	-0.36113784	0.26177418	-0.033482723	-0.36675584	-0.13919145	0.23467934	-0.2136532	0.29535976	0.025903502	-0.22651707	-0.13794678	0.32133573	-0.12920971	0.39239383	-0.014738278	0.51857054	0.2385094	-0.07838429	-0.4106356	-0.214941	-1.1242671	0.10412545
-0.14921524	0.03790046	-0.012190868	0.09524013	0.19866614	0.42214066	-0.31392086	0.13312174	-0.3469715	0.24756956	-0.041355904	-0.35990784	-0.1404319	0.22783238	-0.19357936	0.2752207	0.0036343809	-0.20958398	-0.10643151	0.30794245	-0.107011706	0.36875585	-0.00926496	0.48418954	0.22876106	-0.087505385	-0.36049896	-0.18845837	-1.0343108	0.101606086
-0.12757994	0.039449733	-0.0351475	0.082552634	0.23070078	0.4470325	-0.29408273	0.1447482	-0.36016035	0.25380284	-0.04102238	-0.36083865	-0.13610907	0.22749658	-0.19214046	0.26994494	0.0052304203	-0.22405961	-0.11806491	0.31332183	-0.11055233	0.37902722	-0.00165129	0.49266395	0.21398403	-0.05924233	-0.394443	-0.21993768	-1.0779238	0.11212011
-0.13485442	0.025504544	-0.027101139	0.06638064	0.22773826	0.4387463	-0.28446794	0.14335851	-0.34171933	0.25397968	-0.029510414	-0.35622737	-0.15249883	0.22801241	-0.18629631	0.25948688	0.022891207	-0.19642748	-0.105844714	0.29389182	-0.101615086	0.34773535	-0.017897416	0.48109043	0.22805741	-0.088507846	-0.3630978	-0.19285518	-1.0537516	0.11978195
-0.12213959	0.031371593	-0.0323265	0.082419425	0.21748094	0.39037913	-0.28266436	0.13323647	-0.31629062	0.24520777	-0.03767074	-0.33110812	-0.11740565	0.23184918	-0.15826511	0.2440344	0.011700241	-0.20217966	-0.10145992	0.2793774	-0.101288095	0.3530817	-0.010321187	0.4366384	0.19893098	-0.064821206	-0.34975958	-0.1957729	-0.9746454	0.11357091
-0.14589629	0.052264173	-0.006996038	0.09496821	0.22458768	0.47352752	-0.33630717	0.16889045	-0.3601429	0.2771205	-0.017423343	-0.39193752	-0.1646866	0.24642465	-0.19007784	0.27538228	0.01400028	-0.23780693	-0.12166545	0.33459857	-0.11785876	0.3841368	-0.018077942	0.5030759	0.24251634	-0.08395238	-0.4196304	-0.23084961	-1.1281304	0.118632115
-0.13991424	0.037368156	-0.007421596	0.0860741	0.22591108	0.4650358	-0.3022406	0.16482481	-0.36030942	0.25745055	-0.038250923	-0.36890593	-0.13560668	0.2510399	-0.19072329	0.28225473	-0.0058073145	-0.22360283	-0.13200282	0.30369407	-0.12923808	0.3737065	-0.027527414	0.5241862	0.2119073	-0.07673341	-0.38912362	-0.2010665	-1.1130769	0.10659258
-0.114058025	0.03716624	-0.015811518	0.08428684	0.2186814	0.41041794	-0.27042156	0.13036354	-0.31321344	0.24995427	-0.035614606	-0.3255082	-0.1174182	0.22375277	-0.19369535	0.2328525	0.024660058	-0.196092	-0.11363794	0.26745957	-0.12116001	0.33700982	-0.005060689	0.44118708	0.19804183	-0.06021889	-0.3716486	-0.20938537	-1.0028845	0.10512593
-0.14330122	0.048166577	-0.012073926	0.08800359	0.21388265	0.41697073	-0.30473194	0.14471032	-0.33345667	0.2267174	-0.03881627	-0.33517283	-0.1277337	0.20825136	-0.19109726	0.26268843	0.00029927195	-0.21109866	-0.12026086	0.27274525	-0.09856678	0.34883192	-0.02149962	0.44382992	0.19757305	-0.057189345	-0.37146622	-0.20584756	-1.006412	0.09269509
-0.14494792	0.03983164	-0.026377501	0.10091437	0.2108203	0.4568337	-0.32551548	0.16174933	-0.34917194	0.27278307	-0.027697226	-0.37251538	-0.13484056	0.25920036	-0.19487007	0.2752109	0.0026731435	-0.20689283	-0.10519528	0.31202295	-0.111768745	0.36263928	-0.031364396	0.4810235	0.20667477	-0.06489387	-0.39820188	-0.22811384	-1.0708631	0.11901262
-0.14240941	0.037780598	-0.0016016684	0.0874134	0.2091607	0.4292246	-0.29587632	0.12630612	-0.33591887	0.25630164	-0.010493485	-0.34245944	-0.14235815	0.21926711	-0.17734876	0.25194323	0.020219805	-0.19897993	-0.1041876	0.3049071	-0.12367784	0.3643269	-0.014135412	0.48029646	0.22191074	-0.06183728	-0.3800514	-0.19977169	-1.0238906	0.11785431
-0.12419913	0.041580506	-0.028982962	0.07807251	0.19382538	0.4082721	-0.27561638	0.14057192	-0.32673967	0.22448407	-0.013871333	-0.33620167	-0.13245876	0.22644927	-0.16521786	0.2350313	0.017212365	-0.18501426	-0.12273638	0.26482308	-0.12461618	0.3466997	-0.00812806	0.43257073	0.20084645	-0.08110923	-0.36541963	-0.18034999	-0.98482895	0.108579375
-0.12290421	0.01820502	-0.028476778	0.08862478	0.21025394	0.4143058	-0.3114417	0.14840429	-0.351434	0.24893531	-0.018562566	-0.35481057	-0.12741914	0.21747951	-0.17570604	0.27721497	-0.0036070778	-0.19819264	-0.12928393	0.28782192	-0.11898139	0.37839836	-0.0103742685	0.4909183	0.19810526	-0.076525345	-0.36073703	-0.1950108	-1.0523093	0.09785678
-0.15247993	0.049265206	-0.022443531	0.07910576	0.22357191	0.44941473	-0.30076316	0.1459682	-0.36488718	0.24730872	-0.010088412	-0.35281467	-0.14769438	0.23542857	-0.19041547	0.27101552	0.025548674	-0.21334429	-0.10531019	0.31066817	-0.12822811	0.38570407	-0.012210776	0.50927794	0.23427652	-0.07776763	-0.37149945	-0.21790163	-1.0857598	0.1186093
-0.12087196	0.01643533	-0.013155816	0.083566494	0.21233355	0.4207092	-0.27302444	0.11754354	-0.31254637	0.24510552	-0.010637696	-0.33563882	-0.136154	0.20408414	-0.19018501	0.24183491	0.009547793	-0.207916	-0.099068895	0.27886194	-0.11593706	0.346585	-0.006418494	0.46350035	0.20367464	-0.06376233	-0.34775507	-0.18592861	-0.9736988	0.09226557
-0.111956805	0.036122173	-0.017966222	0.0616503	0.1998241	0.39526385	-0.27867612	0.12264365	-0.30459273	0.21971938	-0.014069329	-0.32836956	-0.12951796	0.21853827	-0.1805288	0.24330328	-0.005450012	-0.18593214	-0.09618415	0.2595778	-0.10677654	0.33417863	-0.027654719	0.45895782	0.19545518	-0.07224206	-0.34109342	-0.18204452	-0.9738934	0.09747681
-0.13962272	0.03623396	-0.034840014	0.08428473	0.25324425	0.48393047	-0.33578378	0.14516719	-0.39629617	0.28640503	-0.021805502	-0.39320746	-0.14775391	0.24670656	-0.21646866	0.2948546	0.009337993	-0.24781092	-0.14287387	0.342106	-0.14054805	0.41139683	-0.029521184	0.5272551	0.22514996	-0.096419655	-0.42146552	-0.23118187	-1.155715	0.13202418
-0.15072201	0.031753864	-0.015117609	0.08256161	0.2077704	0.45094994	-0.29631704	0.15282778	-0.34892944	0.24409536	-0.03676094	-0.37409762	-0.15553364	0.25020677	-0.205165	0.2772513	0.003379491	-0.21960162	-0.12752901	0.30711123	-0.121772334	0.36369354	-0.016521733	0.5027386	0.21225397	-0.0867222	-0.3942469	-0.20521294	-1.0540208	0.104381196
-0.14939952	0.047197714	-0.01439333	0.0791857	0.2229508	0.45792097	-0.3034779	0.1565408	-0.3544389	0.26672652	-0.031749133	-0.36218756	-0.15054984	0.25397104	-0.20764275	0.27878892	0.021962577	-0.22968224	-0.1268643	0.3041977	-0.10537313	0.37006265	-0.011187823	0.49062812	0.23807988	-0.06838162	-0.4125665	-0.22202264	-1.1112514	0.11067015
-0.16388436	0.027133549	-0.00018807247	0.071478024	0.21352354	0.44720227	-0.3376111	0.16584271	-0.3580616	0.25193295	-0.02599297	-0.39320222	-0.14214729	0.2640719	-0.19369286	0.29907566	0.0134543395	-0.2148069	-0.11082	0.3190946	-0.14142469	0.38864896	-0.011504495	0.5114361	0.24275945	-0.06429151	-0.4093855	-0.20404153	-1.1303881	0.12916604
-0.10709079	0.044237807	-0.01267165	0.08921919	0.20465252	0.3740283	-0.26369834	0.13650285	-0.31668416	0.2389234	-0.020915186	-0.32842916	-0.12022531	0.22653528	-0.16849577	0.21845675	0.02366372	-0.19972879	-0.11946585	0.26815215	-0.099097684	0.31723607	-0.015039686	0.43697712	0.19959107	-0.07957623	-0.33207685	-0.16804437	-0.9454387	0.09613302
-0.11255937	0.038765837	-0.021699917	0.06165542	0.17242496	0.33256915	-0.22910663	0.10024431	-0.2628407	0.2060976	-0.003497353	-0.2893066	-0.11044018	0.17126405	-0.15067655	0.20200089	0.010270355	-0.15965217	-0.09504436	0.2344208	-0.0814985	0.2828252	-0.01627676	0.3855721	0.1534636	-0.062473834	-0.29639038	-0.15010421	-0.8141651	0.09538674
-0.115884416	0.014874951	-0.015987072	0.07800271	0.18515548	0.33838716	-0.25031418	0.119385846	-0.2822361	0.208144	-0.028638199	-0.28312925	-0.12521228	0.20451197	-0.16712137	0.2141042	-0.0084837405	-0.16662163	-0.08412096	0.24171308	-0.08061837	0.31198275	-0.023917256	0.3839263	0.16167252	-0.043384824	-0.32191563	-0.16065411	-0.83703774	0.10138889
-0.12379204	0.034733552	-0.030821046	0.08030344	0.21998243	0.41875333	-0.29551065	0.12483237	-0.349177	0.22369555	-0.027214605	-0.34496275	-0.14943358	0.23439145	-0.17928141	0.25623584	0.008191792	-0.21517129	-0.10108856	0.270479	-0.12620912	0.33810246	-0.011576085	0.4626865	0.20608577	-0.055327486	-0.369604	-0.20572044	-1.0184613	0.10464805
-0.13496642	0.04360924	0.00060979015	0.058460474	0.18675429	0.39621076	-0.26953593	0.11373892	-0.31409493	0.22332053	-0.019328492	-0.33024776	-0.119713195	0.21605602	-0.16977291	0.23095505	0.015568146	-0.20113519	-0.1007495	0.24704833	-0.11339983	0.31967443	0.00152467	0.44083396	0.18076217	-0.06264837	-0.33306786	-0.19425897	-0.9208578	0.10352906
-0.11964562	0.038308866	-0.031225713	0.068922885	0.1935363	0.41803634	-0.29785252	0.13819335	-0.33836362	0.22536011	-0.008223371	-0.35481673	-0.11793366	0.21272577	-0.17236267	0.2633128	-0.0071066148	-0.20933947	-0.12650461	0.26904327	-0.09773173	0.3415153	-0.004082215	0.47443116	0.19148579	-0.08123697	-0.37540802	-0.20451953	-1.0099759	0.09469506
-0.124669276	0.026662845	-0.009572046	0.0654551	0.19372123	0.36592728	-0.26832622	0.110201925	-0.314709	0.22912072	-0.01951474	-0.30938932	-0.13235927	0.21105748	-0.17134555	0.22925226	-0.0026481037	-0.19864023	-0.08888731	0.2789408	-0.10346567	0.32291526	-0.02381129	0.41242853	0.20021364	-0.056547534	-0.34982625	-0.18073155	-0.92105615	0.10865768
-0.14690195	0.025821775	-0.012859215	0.088071525	0.20822684	0.43865177	-0.2890459	0.13011625	-0.33991233	0.23183419	-0.009405285	-0.33925548	-0.14424108	0.2442362	-0.18225843	0.25009128	0.023417212	-0.20323864	-0.09940713	0.28406766	-0.09840289	0.3604348	0.00043183131	0.47339368	0.19557926	-0.084096424	-0.3684244	-0.19021486	-1.0444884	0.089815766
-0.13330202	0.02772266	-0.019350737	0.09394156	0.23691192	0.47789365	-0.31869516	0.17022084	-0.38682067	0.26405978	-0.039563145	-0.37295943	-0.14545248	0.24224602	-0.20751448	0.27552155	0.02264614	-0.24308304	-0.13375643	0.33609885	-0.13656385	0.38069972	-0.014830795	0.54123837	0.24492553	-0.09477891	-0.42414677	-0.20793746	-1.152014	0.10295051
-0.104274504	0.028311253	-0.028443296	0.07514745	0.17619185	0.33441284	-0.22161	0.124221824	-0.27425027	0.20412222	-0.002690611	-0.27265573	-0.10529604	0.19129667	-0.14059639	0.2164961	-0.00012559605	-0.1627599	-0.09635641	0.23416951	-0.08195942	0.29370126	-0.01687513	0.38188866	0.16503288	-0.068187885	-0.27546415	-0.16096343	-0.7909865	0.0931798
-0.121978275	0.045338273	-0.026298808	0.06349551	0.18381259	0.37083086	-0.2632277	0.11697198	-0.31881547	0.23133396	-0.035492286	-0.32590365	-0.13410024	0.2239034	-0.16951331	0.23237142	0.010855873	-0.20460522	-0.09459485	0.26897407	-0.09741699	0.32136196	-0.030422091	0.4167655	0.18493636	-0.06852539	-0.34886	-0.19205604	-0.9484371	0.08806345
-0.115839146	0.049661197	-0.023941323	0.07281728	0.21861973	0.40751275	-0.30808645	0.1290622	-0.35039935	0.25845027	-0.026858179	-0.34764975	-0.14013728	0.24375212	-0.196273	0.25270748	-0.00831602	-0.21944764	-0.11893698	0.30372664	-0.10527848	0.3485959	-0.029476903	0.459067	0.20378825	-0.05740784	-0.37098998	-0.21461725	-1.0183765	0.109927505
-0.14490213	0.022036895	-0.0009872888	0.063916236	0.22637065	0.4299628	-0.27495778	0.13878378	-0.335973	0.2378284	-0.0144227715	-0.32755327	-0.13542348	0.22554022	-0.16532373	0.26405966	0.0016586513	-0.20085824	-0.116070054	0.28518546	-0.11181034	0.36562586	-0.01721509	0.47333145	0.19846582	-0.060841978	-0.3660919	-0.20737544	-1.0036688	0.11983712
-0.122464426	0.021554336	-0.033185735	0.084259115	0.21584433	0.41686967	-0.28203827	0.12074896	-0.32934317	0.2546328	-0.03722032	-0.34017634	-0.12099864	0.22296442	-0.16845188	0.24624938	0.016795833	-0.20520276	-0.10332821	0.30305967	-0.11321685	0.34078473	-0.0006122176	0.44972852	0.19281493	-0.06481011	-0.3798637	-0.20320058	-1.0005476	0.08739611
-0.12846424	0.033491943	-0.0049551167	0.080838285	0.20074314	0.400564	-0.26720107	0.12976868	-0.29977134	0.21898589	-0.02972519	-0.3180706	-0.12806444	0.20376696	-0.15628947	0.24171546	-0.0075911293	-0.18068272	-0.10004012	0.25665018	-0.09934352	0.33914357	-0.0142300995	0.440975	0.20417596	-0.07354549	-0.3361043	-0.19636294	-0.9467237	0.08446556
-0.13680549	0.019406194	-0.0034090441	0.09284792	0.22996987	0.4628939	-0.30453825	0.15914293	-0.3513487	0.26409405	-0.035002317	-0.36825532	-0.14216533	0.24507275	-0.18470046	0.27254933	-0.00089647254	-0.22106642	-0.11106355	0.29144338	-0.11222442	0.36623904	-0.00097425736	0.4939053	0.21279074	-0.08225475	-0.40548357	-0.19809194	-1.0825267	0.09839249
-0.12029668	0.032115553	-0.0011391119	0.096463025	0.20546348	0.41219726	-0.311256	0.13121536	-0.33034548	0.23293754	-0.011165184	-0.36138967	-0.14149855	0.24582684	-0.19728184	0.24617408	0.015447962	-0.22046262	-0.12176736	0.29255745	-0.12486534	0.37307847	-0.02847584	0.47857982	0.22431584	-0.06471206	-0.38245866	-0.20681211	-1.0414636	0.090141766
-0.13008672	0.04229183	-0.013743837	0.071512304	0.21111389	0.4394965	-0.33043918	0.1381873	-0.36969003	0.26057047	-0.03489322	-0.35924616	-0.14629228	0.24540351	-0.2095891	0.25826818	0.004705658	-0.2037204	-0.10935855	0.3041044	-0.116054244	0.3871799	-0.012896184	0.5141814	0.21562275	-0.06261322	-0.39464933	-0.22243816	-1.099978	0.09657223
-0.11962186	0.020428713	-0.0136549715	0.07023276	0.21113552	0.40564713	-0.2791026	0.1290105	-0.33788544	0.24113451	-0.025459427	-0.33552447	-0.12570758	0.22742397	-0.18818907	0.2514528	0.007265903	-0.21754146	-0.12791096	0.28747767	-0.11313238	0.3609569	-0.026926808	0.45391354	0.20676552	-0.07046137	-0.34947437	-0.21256179	-1.0094197	0.0873747
-0.14594458	0.038113505	-0.00088323606	0.09120072	0.21439117	0.41080558	-0.286809	0.12288369	-0.34481764	0.23526336	-0.019895952	-0.32794103	-0.124505244	0.22878963	-0.1825833	0.24012102	-0.002277872	-0.2024096	-0.09668612	0.27712858	-0.11896297	0.3378891	-0.011076791	0.47567266	0.21162309	-0.079177536	-0.35868886	-0.20673695	-1.0095594	0.08801165
-0.13689557	0.047683407	-0.026431354	0.07842371	0.20842032	0.42324832	-0.28496203	0.13401005	-0.32334486	0.24304311	-0.008308104	-0.33881477	-0.12051865	0.21433637	-0.19396852	0.2579654	0.0036046293	-0.18713638	-0.119021885	0.27328417	-0.12551373	0.35492992	-0.026907956	0.4666179	0.211512	-0.07651018	-0.3784761	-0.19259979	-1.0021402	0.09137938
-0.13306998	0.021439075	-0.009147322	0.07314823	0.21601936	0.39122874	-0.2885215	0.11584788	-0.31105083	0.22476324	-0.032086544	-0.3212399	-0.1273503	0.22820717	-0.17930527	0.23421507	0.018624686	-0.1845558	-0.122447625	0.27504832	-0.121419325	0.3258177	0.0009891285	0.45243517	0.19372137	-0.082835436	-0.35271102	-0.2064327	-0.9696298	0.11199065
-0.11687539	0.02850935	-0.023732102	0.06753589	0.17991239	0.38579306	-0.262732	0.1293939	-0.30801794	0.2152988	-0.031105906	-0.30644986	-0.12122398	0.21659541	-0.1529165	0.24001214	0.022352746	-0.16736636	-0.10269048	0.24497068	-0.08586088	0.3041564	-0.011325513	0.411581	0.17299451	-0.05857433	-0.31854007	-0.18108104	-0.9078621	0.08324204
-0.105047114	0.014183135	-0.010848905	0.074036315	0.17879389	0.38630787	-0.26018587	0.11886869	-0.30864248	0.21091454	-0.024659796	-0.3123078	-0.13078293	0.21354593	-0.16449907	0.23034927	-0.00093930465	-0.19710635	-0.09148219	0.2563943	-0.098241754	0.3301491	-0.0021175612	0.43386742	0.19690992	-0.0758575	-0.32465824	-0.1933588	-0.9227447	0.101343036
-0.17194816	0.05180947	-0.01862934	0.07615603	0.2262182	0.4961633	-0.34627372	0.14899004	-0.40458894	0.2769044	-0.020800434	-0.42016688	-0.1482385	0.26826704	-0.20856297	0.2945782	0.008490182	-0.24472587	-0.1343894	0.34870067	-0.1318769	0.41877937	-0.009441081	0.5501753	0.25101668	-0.09308634	-0.41501585	-0.21775088	-1.162682	0.11790401
-0.12898506	0.043590307	-0.03189212	0.082774475	0.2054531	0.445104	-0.29334995	0.1310706	-0.33843985	0.26043385	-0.044443693	-0.37275285	-0.15129414	0.24745537	-0.19906649	0.25799167	-0.0033739842	-0.2112097	-0.11517145	0.29857972	-0.10837243	0.376934	-0.011629158	0.5064937	0.21538498	-0.091713525	-0.4004181	-0.20647426	-1.063322	0.10357689
-0.12759425	0.017876206	-0.013538563	0.06798289	0.17607568	0.35646835	-0.2579681	0.11150653	-0.28927666	0.20356302	-0.028134946	-0.3065673	-0.10869734	0.20280603	-0.14743033	0.21373358	0.015567198	-0.19222224	-0.100880854	0.2585049	-0.084590204	0.32461563	-0.014008931	0.40811053	0.17533441	-0.06995037	-0.33054847	-0.18366925	-0.89193195	0.079170205
-0.14925458	0.04052701	-0.032234497	0.08873923	0.22326556	0.42771256	-0.28983545	0.13199615	-0.33362764	0.22512783	-0.029846197	-0.33896822	-0.13514748	0.23205933	-0.16774717	0.24700752	0.0026919194	-0.21745373	-0.10827575	0.27804008	-0.11736103	0.34187052	-0.030037327	0.47217563	0.19225787	-0.08157874	-0.36735308	-0.20053773	-1.0174823	0.10644786
-0.115601964	0.02369595	-0.0079303	0.051200554	0.19543244	0.34424007	-0.2632885	0.115153305	-0.27313238	0.19995701	-0.004916031	-0.28224003	-0.12721817	0.20955779	-0.15776096	0.21933553	-0.004756544	-0.17292799	-0.11081002	0.25503024	-0.08940045	0.29364756	-0.02895774	0.40852264	0.18132299	-0.060843814	-0.31362352	-0.18098694	-0.87539655	0.09590491
-0.12084965	0.032935493	-0.021654734	0.0840466	0.2062666	0.38019153	-0.26075375	0.14059551	-0.29606605	0.22133666	-0.03374802	-0.3055929	-0.14036742	0.19781016	-0.1625972	0.23560172	-0.008268249	-0.198066	-0.11840376	0.26055697	-0.12123563	0.31737983	-0.0016114927	0.45184937	0.18774286	-0.08314138	-0.33557677	-0.20319943	-0.94337106	0.10813376
-0.12609719	0.048321936	-0.008419246	0.089617446	0.20415916	0.43605644	-0.30815515	0.1404048	-0.34784657	0.24200115	-0.019635193	-0.3633636	-0.12282057	0.22636324	-0.20133097	0.266599	-0.004407389	-0.21422647	-0.12743683	0.29821664	-0.1187098	0.3678289	-0.030156191	0.49297094	0.20203528	-0.082647294	-0.359204	-0.18823092	-1.0230713	0.099151544
-0.124540366	0.036495	-0.032055125	0.08518092	0.1860839	0.37692896	-0.25897774	0.109766975	-0.29482195	0.21820778	-0.026911369	-0.2957338	-0.11694217	0.20017396	-0.15162683	0.23594953	0.014066847	-0.18315901	-0.08437437	0.2466156	-0.102207236	0.30021748	-0.022779189	0.4144398	0.19316208	-0.07044236	-0.33657712	-0.17205228	-0.88598114	0.08339027
-0.11495408	0.038722526	-0.019239645	0.06386694	0.17454648	0.3644577	-0.24973834	0.13498756	-0.2824348	0.19944885	-0.02594484	-0.2911763	-0.10780907	0.20076771	-0.15067495	0.2218746	0.0136976065	-0.16421932	-0.11054246	0.23518595	-0.08783506	0.32109642	-0.020599874	0.39505085	0.19548556	-0.06381501	-0.30160585	-0.16702795	-0.87819314	0.09331975
-0.1258092	0.03957582	0.00036719232	0.07357054	0.19850063	0.36854514	-0.2705467	0.122992925	-0.2808116	0.2144181	-0.030737028	-0.30813536	-0.13197371	0.19849	-0.16165839	0.22231893	0.0041432614	-0.1730539	-0.09030176	0.2554753	-0.102028765	0.30188027	-0.023757298	0.42526913	0.1724345	-0.061581757	-0.33227527	-0.16262926	-0.9045881	0.09919919
-0.1127354	0.03356162	-0.014875258	0.06481404	0.19194111	0.39626196	-0.2884258	0.11483497	-0.3276341	0.22611323	-0.005924961	-0.3086293	-0.12710935	0.20945206	-0.1710895	0.25391382	-0.0035698658	-0.180472	-0.09565473	0.27257296	-0.09610993	0.32957414	0.00067067833	0.43683365	0.19447483	-0.05749202	-0.353857	-0.17988524	-0.9432692	0.09408604
-0.12120365	0.027425326	-0.02893559	0.07571147	0.20947458	0.39061248	-0.26005602	0.14012907	-0.3275722	0.24284245	-0.012479334	-0.3168562	-0.1401665	0.22651006	-0.18001828	0.24338421	0.0025877946	-0.20210548	-0.11309487	0.2675326	-0.10210568	0.34497336	-0.021584433	0.45324606	0.2090708	-0.06600534	-0.3325413	-0.18901548	-0.9520617	0.09337961
-0.13534659	0.044651154	-0.0021674356	0.065143056	0.2008181	0.3851719	-0.26610333	0.10763741	-0.3138631	0.2166804	-0.032013386	-0.2959898	-0.12445314	0.21482818	-0.17102249	0.24681467	0.0064780153	-0.17089862	-0.094337195	0.271389	-0.09987882	0.33583948	-0.02855098	0.4091858	0.19830188	-0.05926556	-0.327123	-0.19540617	-0.9268081	0.11039316
-0.11428361	0.019640239	-0.007850605	0.07882894	0.21065655	0.4209693	-0.28106666	0.14843683	-0.33039248	0.21700817	-0.02448071	-0.3350116	-0.13379687	0.23352697	-0.16270038	0.2482955	-0.0041467897	-0.20666027	-0.093331546	0.27079225	-0.09373373	0.35268804	-0.0143585075	0.46378967	0.20910412	-0.080099605	-0.35854283	-0.19693255	-0.98586315	0.112856634
-0.09671297	0.02221428	-0.023601823	0.059175577	0.14662641	0.26221812	-0.20216177	0.08075683	-0.22664861	0.14439006	-0.017427545	-0.23242271	-0.0804571	0.13726583	-0.124420986	0.14973381	0.009038168	-0.14334545	-0.058137078	0.1704647	-0.06763334	0.241527	-0.006195002	0.29793224	0.14279449	-0.049075432	-0.2446344	-0.13751999	-0.6615187	0.05173597
-0.123862535	0.035129394	-0.017718313	0.0877229	0.18390329	0.39654568	-0.27925742	0.13427745	-0.3215454	0.22345148	-0.020416865	-0.32250667	-0.10783856	0.21833655	-0.17152645	0.24451147	0.015630221	-0.18654245	-0.10651966	0.2783125	-0.11205901	0.3326194	-0.028818203	0.43168375	0.20677267	-0.055387154	-0.32141322	-0.16817002	-0.9288071	0.08467955
-0.1078638	0.024037717	-0.025955362	0.07379894	0.17892915	0.40325725	-0.2686186	0.12996739	-0.31473514	0.24144733	-0.03995698	-0.32582706	-0.118203424	0.22298458	-0.18418747	0.2348738	0.0056206896	-0.1801261	-0.09557486	0.28468588	-0.10409401	0.33233806	-0.026836066	0.43507513	0.2013923	-0.08141171	-0.347606	-0.19267686	-0.9393294	0.10050215
-0.11141558	0.021770729	-0.014419616	0.06858544	0.20473604	0.38792035	-0.26945785	0.12716083	-0.29451206	0.2260898	-0.016739765	-0.33039972	-0.13349757	0.19550946	-0.1752762	0.22597887	0.012505714	-0.18555386	-0.1109474	0.257629	-0.09663789	0.33417946	-0.02376668	0.42407763	0.20110488	-0.0752879	-0.33730906	-0.18899892	-0.9154309	0.09094953
-0.120478004	0.04552209	-0.007190402	0.08117679	0.1877287	0.40725562	-0.29853094	0.11652003	-0.31871095	0.23535356	-0.015573758	-0.32291543	-0.13884771	0.23150761	-0.1795381	0.25065973	0.017632645	-0.1871526	-0.096736506	0.29491243	-0.113028966	0.35025254	-0.018740712	0.44725895	0.20897226	-0.063939966	-0.35807404	-0.1908368	-0.9969837	0.11318815
-0.11424749	0.042755827	-0.015168366	0.059677485	0.19579609	0.40561992	-0.28918496	0.111625865	-0.30836967	0.22146328	-0.018720083	-0.32339105	-0.13346335	0.22839849	-0.17284715	0.24448742	-0.0034425359	-0.17857878	-0.09895807	0.27551737	-0.11449881	0.3321463	-0.020805314	0.42334926	0.19768818	-0.05476708	-0.3429864	-0.18770221	-0.9428168	0.113999575
-0.1119291	0.035662744	-0.027682526	0.07665427	0.1748089	0.3646054	-0.25338644	0.105745345	-0.2697858	0.20415145	-0.014570515	-0.29922217	-0.107521504	0.19666144	-0.15702733	0.20782936	0.018542968	-0.16620024	-0.09864734	0.24531956	-0.09727364	0.29717636	-0.0017096895	0.39146677	0.18889558	-0.05150883	-0.30951244	-0.18210848	-0.8350723	0.09452617
-0.14067122	0.029398896	-0.011135423	0.08340022	0.2080444	0.39204758	-0.2671998	0.14349307	-0.32388145	0.24473208	-0.035862286	-0.3121421	-0.14403166	0.20089345	-0.17889574	0.22732186	0.018014299	-0.20653398	-0.12291451	0.27456853	-0.09990628	0.3437308	-0.01948426	0.45050445	0.18985707	-0.052116327	-0.35630345	-0.18825676	-0.96598667	0.113740616
-0.104092695	0.012480744	-0.018647077	0.071467526	0.16218938	0.308126	-0.22329222	0.11181108	-0.26539752	0.18579613	-0.030313227	-0.2515086	-0.0945846	0.16231067	-0.1524817	0.18177125	0.0058297412	-0.14729118	-0.08910127	0.23551412	-0.070974216	0.2700888	-0.002803309	0.34668043	0.17225896	-0.0695269	-0.27212802	-0.15369195	-0.77252775	0.09571007
-0.127312	0.016459044	-0.008067411	0.07503517	0.18818226	0.3914858	-0.29048613	0.12923518	-0.31349197	0.22488514	-0.034008313	-0.32960057	-0.1402627	0.21894023	-0.18722999	0.24036223	0.011897666	-0.19176069	-0.105556756	0.26618707	-0.11074511	0.34809685	-0.0015370151	0.4563583	0.19218743	-0.05378923	-0.33861244	-0.18630862	-0.983001	0.08793763
-0.14265364	0.035627197	-0.011119522	0.09178853	0.22130361	0.42097682	-0.31613868	0.13650247	-0.36060905	0.23563771	-0.02888479	-0.34414512	-0.14257857	0.24299769	-0.17331734	0.27315804	0.007579662	-0.20749085	-0.10526124	0.31016627	-0.13053204	0.37329158	-0.024869228	0.47931033	0.21189001	-0.08577446	-0.3725684	-0.20277916	-1.0339487	0.11533651
-0.1355975	0.01515692	-0.011934012	0.07122309	0.18679531	0.38862187	-0.26342773	0.1163872	-0.29275975	0.20255525	-0.036589727	-0.3057994	-0.13233064	0.20576838	-0.16870679	0.23931497	0.02416901	-0.1745335	-0.10930847	0.25618964	-0.09543094	0.32696468	-0.009024473	0.43033904	0.18678826	-0.050634842	-0.31979445	-0.19091596	-0.92128813	0.07924673
-0.14565723	0.025698544	-0.008836449	0.07351863	0.19618215	0.42631713	-0.30529562	0.1324654	-0.33165264	0.23981582	-0.0231044	-0.3399254	-0.14404748	0.22808544	-0.19667755	0.26782	0.020607434	-0.21958138	-0.11732109	0.28228992	-0.10093352	0.33933693	-0.030960647	0.46912155	0.20452538	-0.07996693	-0.36975542	-0.18843003	-1.0204102	0.08998489
-0.15018943	0.029010434	-0.006612775	0.081919275	0.21905442	0.42626047	-0.30832815	0.1476916	-0.3648834	0.2572867	-0.030151349	-0.36966628	-0.13095294	0.2453414	-0.20027238	0.2767769	0.019956792	-0.20452513	-0.12540175	0.31304404	-0.111877896	0.3682819	-0.017575217	0.4914503	0.22349986	-0.06377738	-0.38317767	-0.2152183	-1.0552974	0.11526006
-0.12509666	0.033482466	-0.01982883	0.060791284	0.19890648	0.38695776	-0.26573107	0.13540931	-0.33768684	0.23405986	-0.020467367	-0.3127797	-0.13323833	0.22635806	-0.18734612	0.25214684	0.021992676	-0.19230321	-0.1104222	0.27550983	-0.12396405	0.34886354	-0.022709236	0.45205337	0.20767245	-0.05205694	-0.35876197	-0.20337492	-0.9642439	0.10466194
-0.10310894	0.02813352	-0.0281024	0.07945834	0.20451365	0.39066678	-0.27195197	0.14212435	-0.28960478	0.23024029	-0.019444833	-0.3127029	-0.123343945	0.21546105	-0.15034667	0.23568857	-0.0027945274	-0.19211195	-0.09884302	0.27525762	-0.100562245	0.30905384	-0.023895908	0.42347693	0.19548185	-0.07514824	-0.3206923	-0.19701166	-0.93176055	0.106642805
-0.11895562	0.018768616	-0.016644586	0.057064887	0.19212398	0.37543282	-0.26576284	0.11505211	-0.30579117	0.22440033	-0.008431808	-0.32451305	-0.13580069	0.20813943	-0.1560225	0.24361478	0.0029583203	-0.18636334	-0.112542845	0.25716853	-0.09401203	0.3195153	-0.0059442148	0.42542368	0.17920458	-0.054534037	-0.3297559	-0.19580908	-0.9295123	0.10561192
-0.13442512	0.016631918	-0.003562392	0.07431682	0.21027148	0.4278271	-0.28232086	0.12561202	-0.33369806	0.24560611	-0.041801237	-0.36222225	-0.14191253	0.23312008	-0.19370753	0.2508038	0.018762557	-0.1977457	-0.12039445	0.30779073	-0.10396671	0.35687932	-0.007079205	0.48239437	0.21636434	-0.07031491	-0.36730754	-0.1902028	-1.0215458	0.100969955
-0.13941859	0.034395322	-0.023197299	0.09406936	0.22448917	0.4144228	-0.28341112	0.14384809	-0.32649577	0.24072933	-0.02116047	-0.36015975	-0.15471362	0.2289339	-0.17250364	0.24386807	-0.007852533	-0.19611357	-0.11346124	0.28573927	-0.11922558	0.34832066	-0.030980635	0.47377756	0.20664984	-0.06901172	-0.38940787	-0.189523	-1.0220588	0.11511928
-0.110842906	0.032016657	-0.004025424	0.091653354	0.20137395	0.41338855	-0.2773569	0.12822396	-0.32998437	0.236037	-0.014843292	-0.31646785	-0.14181402	0.23643826	-0.18761393	0.2590925	0.009034329	-0.21026543	-0.09293235	0.28111205	-0.112849385	0.33452705	-0.012474032	0.46140224	0.19645949	-0.058688477	-0.33855805	-0.18836866	-0.98867744	0.10066111
-0.096221246	0.026280524	-0.0008918723	0.054763302	0.19248477	0.35700217	-0.24798033	0.10983467	-0.29608288	0.20436607	-0.011953173	-0.29511255	-0.12492932	0.18374583	-0.1515973	0.21752818	0.012877921	-0.18732607	-0.09748657	0.2419673	-0.08388867	0.30556607	-0.015337172	0.38754922	0.17338362	-0.05087117	-0.31207693	-0.18398291	-0.85946065	0.07551024
-0.13937157	0.036123563	-0.0038378027	0.06825911	0.20032996	0.401089	-0.29279792	0.117839955	-0.33528483	0.23438597	-0.024336593	-0.34218642	-0.1430744	0.20263554	-0.17295316	0.24219784	0.021694789	-0.1877818	-0.113767795	0.28007996	-0.11325524	0.32538822	0.00046458867	0.46243498	0.20654213	-0.05429935	-0.360115	-0.1827321	-0.97999454	0.10449298
-0.1228823	0.037019353	-0.026135057	0.083714254	0.18900469	0.4224078	-0.28254133	0.12567937	-0.3266998	0.24708591	-0.03767765	-0.34327024	-0.13146923	0.20949896	-0.17235255	0.23198959	0.0019428078	-0.20538177	-0.11225166	0.28585434	-0.10389025	0.33498085	-0.0137385195	0.45954105	0.19361855	-0.06171532	-0.3641168	-0.20520264	-0.97280055	0.10063869
-0.13959159	0.034084514	-0.024885477	0.061483998	0.21911797	0.40582356	-0.28868583	0.14387909	-0.3205557	0.22810271	-0.029465208	-0.32045484	-0.12014663	0.22170544	-0.18309847	0.2598282	0.020662338	-0.18157852	-0.11941344	0.27190247	-0.10991323	0.33786938	-0.023807252	0.45161346	0.21381447	-0.052759692	-0.361212	-0.20129734	-0.9821821	0.11171471
-0.115282685	0.04316161	-0.030141512	0.08201493	0.19382264	0.38642046	-0.2596903	0.113487095	-0.31932825	0.23451905	-0.028178383	-0.32110128	-0.108758554	0.2199465	-0.15157507	0.2279592	0.0142411655	-0.19536905	-0.11092873	0.2657997	-0.09673054	0.3197574	-0.0053443545	0.42335308	0.17826693	-0.08110506	-0.34484816	-0.179361	-0.9203985	0.10921584
-0.1289277	0.03491617	-0.019455904	0.061831802	0.18357734	0.37823057	-0.25043648	0.13332354	-0.28305718	0.20057906	-0.037924223	-0.29751408	-0.10566482	0.19796036	-0.17051865	0.21178474	0.0098156035	-0.18173283	-0.10642165	0.2429429	-0.090345345	0.3066696	-0.001716557	0.41149333	0.19250296	-0.045915797	-0.32131147	-0.1689458	-0.8860265	0.099915765
-0.13058443	0.02008887	-0.0047562756	0.06259047	0.20254444	0.3831189	-0.2650492	0.13157617	-0.30919808	0.21285008	-0.014706916	-0.33289543	-0.12487194	0.22241043	-0.17756695	0.24478579	0.0017943933	-0.18022989	-0.095475085	0.27124152	-0.11420653	0.3317077	-0.012220637	0.44749203	0.2057774	-0.06846432	-0.35442472	-0.19176067	-0.94531256	0.107619025
-0.10775358	0.034672257	-0.016367333	0.08207062	0.17667337	0.36792958	-0.26702052	0.1280709	-0.30002576	0.20464699	-0.01347967	-0.3236568	-0.106468864	0.18999538	-0.154084	0.2322641	0.012014301	-0.1711887	-0.10806336	0.27318504	-0.09755935	0.32143134	-0.025506752	0.42146927	0.19413662	-0.07264381	-0.3200594	-0.16438062	-0.9216172	0.091529235
-0.11953371	0.044936974	-0.0044004684	0.07771739	0.20470013	0.38413495	-0.27503058	0.11980893	-0.30503082	0.20346709	-0.028557789	-0.29556745	-0.1134524	0.19647393	-0.17564315	0.22240481	0.007952494	-0.17863554	-0.109471746	0.27137023	-0.10635015	0.33222082	-0.0009602187	0.40728062	0.20283256	-0.06485625	-0.34080005	-0.18649878	-0.92767704	0.10026064
-0.1105214	0.038485955	-0.007204738	0.08480811	0.19468623	0.39547908	-0.26879564	0.11846483	-0.3154149	0.22664052	-0.0127336215	-0.30281097	-0.13450524	0.19915783	-0.16052753	0.24337311	0.0027601619	-0.1896334	-0.08833633	0.25595602	-0.1029424	0.3339042	-0.011585477	0.43607807	0.19591083	-0.061186954	-0.33317447	-0.16300488	-0.9301936	0.107629664
-0.11141139	0.03868474	0.002262983	0.07736847	0.14989811	0.3391804	-0.243326	0.10754845	-0.2586427	0.18865092	-0.034684096	-0.28211012	-0.08900254	0.18111692	-0.15689954	0.20304637	0.017996836	-0.16795394	-0.09582384	0.2301852	-0.08037228	0.26053944	-0.00087566895	0.37648568	0.1506431	-0.046952132	-0.2972401	-0.1649515	-0.8103101	0.0844034
-0.1117906	0.019171694	-0.017771997	0.06790207	0.19558835	0.36122558	-0.26979813	0.13046567	-0.2880104	0.20527364	-0.03379651	-0.31598637	-0.115503125	0.21664114	-0.1720748	0.21513246	-0.0041640447	-0.18261944	-0.09501092	0.24265946	-0.08688084	0.3078891	-0.002898482	0.42554533	0.18664965	-0.0763892	-0.33176526	-0.17878532	-0.89704293	0.08223668
-0.122168235	0.013792452	-0.0087276455	0.060990535	0.179784	0.36982623	-0.25341356	0.112334915	-0.29325196	0.20996414	-0.012080565	-0.2800399	-0.11561179	0.18279722	-0.14959584	0.22209543	0.0024721033	-0.17816222	-0.091113575	0.23143311	-0.098992005	0.29777363	-0.004355556	0.4077242	0.18040173	-0.054088812	-0.29696655	-0.17963913	-0.8436905	0.0960878
-0.10307314	0.0440714	-0.022812972	0.061600614	0.17318916	0.36755818	-0.25211367	0.11311464	-0.2779956	0.19160886	-0.015654959	-0.3006988	-0.12939455	0.20216924	-0.15397069	0.22319011	0.011805557	-0.18490626	-0.10662322	0.24268888	-0.10231651	0.29136992	-0.017637586	0.38460857	0.17887075	-0.050052673	-0.3090901	-0.17838532	-0.8652603	0.103764646
-0.11730703	0.017725503	-0.026416052	0.07582688	0.18752396	0.3693102	-0.2509678	0.10306568	-0.27155605	0.20977983	-0.019910993	-0.29096654	-0.10954247	0.1799887	-0.14272067	0.21067654	0.004771876	-0.18928708	-0.11400635	0.23181218	-0.106616475	0.30477664	0.0019118139	0.41049832	0.17671208	-0.062794484	-0.29901728	-0.18742813	-0.88835835	0.091046035
-0.12550388	0.04253697	-0.017752014	0.06766172	0.19604644	0.3877851	-0.27298576	0.119232334	-0.3048891	0.23546213	-0.009714452	-0.30262902	-0.13523445	0.21195886	-0.16485566	0.21986318	0.014976235	-0.18590166	-0.089171745	0.27938524	-0.11214445	0.32993075	-0.018812768	0.44234636	0.1955952	-0.07657311	-0.3326761	-0.17178288	-0.94178456	0.0830287
-0.13362704	0.0447498	-0.001924565	0.081036404	0.20299354	0.3921526	-0.2763705	0.12188198	-0.29917035	0.21974981	-0.012458643	-0.32412335	-0.13830297	0.22541617	-0.1581421	0.2278746	0.015763499	-0.18415542	-0.08936114	0.25041553	-0.09720313	0.32604071	-0.02701216	0.43265432	0.20172365	-0.051439166	-0.34142655	-0.18326001	-0.9261323	0.08861643
-0.11485594	0.013156309	-0.014513002	0.066277325	0.18490735	0.37123019	-0.25616273	0.10825502	-0.30113444	0.21406423	-0.016169053	-0.29796973	-0.11709625	0.18074304	-0.15090883	0.20847486	-0.004688124	-0.16805856	-0.08432296	0.23014595	-0.09504556	0.30019367	-0.025310876	0.39570454	0.16254011	-0.06838673	-0.32529372	-0.15501252	-0.8657666	0.084307306
-0.13495867	0.015025336	-0.008338284	0.08232057	0.19268675	0.38826525	-0.2537116	0.13581032	-0.30527943	0.20570737	-0.038523924	-0.30348703	-0.1404868	0.20087717	-0.16821755	0.22048883	-0.00034892556	-0.19450524	-0.110487506	0.2738248	-0.10718459	0.3358667	-0.021825964	0.4180239	0.18332312	-0.068617135	-0.3249525	-0.17047782	-0.9286576	0.100807846
-0.13997054	0.036546245	-0.00063813676	0.0876122	0.20243692	0.4014891	-0.27878535	0.14873175	-0.33039585	0.21881372	-0.023167716	-0.33222142	-0.12225795	0.21512786	-0.17309757	0.25237516	0.02349112	-0.21033347	-0.10884434	0.2636015	-0.12482635	0.35368168	-0.0036882956	0.4624651	0.2082767	-0.06435048	-0.34906754	-0.17872937	-0.9705561	0.114026435
-0.15849183	0.018740032	-0.035432506	0.08281717	0.22496367	0.449287	-0.31539696	0.13471441	-0.36687014	0.26243404	-0.04072732	-0.37102622	-0.14539118	0.2539731	-0.18423049	0.28123704	0.012782687	-0.22383054	-0.11528286	0.32137144	-0.12081077	0.37919867	-0.018134283	0.50524324	0.23750238	-0.081396095	-0.3975669	-0.22597149	-1.1065693	0.12859996
-0.10638372	0.041431144	-0.0274684	0.06251108	0.19255733	0.36987337	-0.25873443	0.13539216	-0.3109509	0.23178433	-0.030087834	-0.3104434	-0.117057696	0.21773078	-0.16207571	0.2322491	0.0125631895	-0.17717744	-0.11137921	0.24967998	-0.111779034	0.31827605	-0.024878168	0.43122125	0.18901537	-0.06727734	-0.33442473	-0.16663012	-0.9405506	0.09928206
-0.10838009	0.03291193	-0.009605291	0.07180953	0.18078741	0.3308279	-0.23370585	0.12245	-0.25459254	0.20814861	-0.033525493	-0.28150234	-0.09585424	0.16964895	-0.13143428	0.19406709	-0.01060956	-0.1753644	-0.09559363	0.21890213	-0.091416664	0.29928726	-0.005283316	0.37280548	0.15184508	-0.06632569	-0.29473776	-0.15905678	-0.8001639	0.07383139
-0.12526633	0.018455228	-0.022044834	0.07397788	0.20342872	0.41574273	-0.2879531	0.1435002	-0.3357567	0.24165346	-0.009719522	-0.32884106	-0.12950131	0.23175998	-0.17415819	0.23414294	-0.0020885612	-0.19991939	-0.10713758	0.27923214	-0.10358926	0.3391192	-0.032676727	0.45564416	0.21597762	-0.08318359	-0.36526677	-0.20915453	-0.99968296	0.08866875
-0.12742162	0.029136878	-0.030121943	0.056341335	0.17610274	0.3520159	-0.2619564	0.13648067	-0.2947138	0.19672117	-0.009749521	-0.29307684	-0.12942447	0.20670722	-0.17171673	0.2184528	0.019965893	-0.19756794	-0.11164329	0.25615665	-0.10057014	0.29275027	-0.028632721	0.39729458	0.18012139	-0.072641306	-0.30593425	-0.17345726	-0.89664465	0.08435935
-0.115510345	0.040251486	-0.020468289	0.062113054	0.19261852	0.42469954	-0.28676105	0.13167289	-0.31903863	0.24412525	-0.03649429	-0.344772	-0.13394977	0.23259579	-0.17718278	0.24618779	-0.0021235412	-0.21601164	-0.10362794	0.29315433	-0.121896446	0.3392877	-0.0287311	0.4712229	0.189938	-0.077301	-0.37115884	-0.20163335	-1.0071855	0.09147633
-0.13336521	0.032713607	-0.013161991	0.09286496	0.20790654	0.40902674	-0.27667752	0.11551181	-0.3265906	0.23737045	-0.014190937	-0.34258765	-0.13129845	0.21186024	-0.18436454	0.2568605	-0.006586141	-0.19385083	-0.11237295	0.2669858	-0.1099321	0.35099974	-0.006611939	0.45898867	0.21513091	-0.060489	-0.36169466	-0.18750526	-0.9581286	0.112568066
-0.12632783	0.027931988	-0.01843737	0.098524734	0.21114624	0.46085665	-0.32883015	0.16436405	-0.3539535	0.27143127	-0.011867081	-0.37973812	-0.14303613	0.25884977	-0.20599057	0.25895655	0.00794049	-0.2289388	-0.12450923	0.30562302	-0.12629725	0.37849426	-0.004062505	0.5153374	0.22564214	-0.063546054	-0.4131546	-0.21712224	-1.1056726	0.11499789
-0.115428805	0.028246146	-0.009282614	0.05915374	0.20055711	0.3977319	-0.29227325	0.114816636	-0.32575375	0.21908087	-0.012245714	-0.31960642	-0.13047194	0.22416681	-0.16054668	0.22978978	0.00026275293	-0.19282164	-0.118838675	0.28007692	-0.115979604	0.34776768	-0.0086509595	0.42859742	0.19086064	-0.077296786	-0.3597359	-0.19000897	-0.9770908	0.1124126
-0.12548453	0.05009043	-0.02888407	0.08199948	0.21225618	0.43916062	-0.29909736	0.13445556	-0.34882244	0.24852721	-0.02082852	-0.3572154	-0.14945814	0.23250888	-0.18687403	0.27683112	0.017099159	-0.20821661	-0.11813765	0.29764375	-0.10951743	0.36694604	0.0012092363	0.49521092	0.21670642	-0.064095594	-0.37034333	-0.22124569	-1.063311	0.11394154
-0.12782004	0.042500317	-0.012509897	0.08750674	0.23661402	0.44976068	-0.29239166	0.13559887	-0.36814988	0.2619028	-0.02973119	-0.37668282	-0.14893101	0.24298435	-0.19443457	0.28241453	-0.0035292706	-0.22728401	-0.12086132	0.3051272	-0.11637589	0.3572761	-0.032483395	0.49262252	0.23020428	-0.060778275	-0.3848789	-0.21831225	-1.0689018	0.120915286
-0.097068936	0.017990267	0.0014161974	0.04852411	0.17611116	0.33015993	-0.21341513	0.098250225	-0.26443493	0.19472545	-0.023534415	-0.25456837	-0.09194641	0.16131899	-0.12318823	0.20398541	0.008368849	-0.17305756	-0.0795114	0.20476186	-0.096213326	0.25867173	-0.00018798716	0.37260678	0.15395881	-0.045227665	-0.2902705	-0.15341008	-0.7659306	0.0682619
-0.085528895	0.041115228	-0.0019727706	0.051650856	0.16088124	0.32565066	-0.2356068	0.091026075	-0.26517162	0.19646092	-0.024768306	-0.2689599	-0.091041595	0.1598844	-0.13824624	0.17889704	0.011521928	-0.15798332	-0.10162814	0.22028674	-0.07259114	0.28580883	-0.0041879667	0.3699154	0.15145001	-0.03934425	-0.27687687	-0.16562922	-0.7739262	0.07169449
-0.10439245	0.025796564	-0.016608866	0.06698876	0.19437346	0.3599858	-0.24708956	0.11963273	-0.2840659	0.20688105	-0.031180914	-0.30111742	-0.130665	0.19851963	-0.13862556	0.2294644	0.018343328	-0.16026999	-0.09790027	0.24488975	-0.11129522	0.31143576	-0.025695542	0.401644	0.19436885	-0.07200943	-0.3284765	-0.16625242	-0.86298585	0.1002384
-0.110962465	0.028911766	-0.027272707	0.07231387	0.18762694	0.36583805	-0.25776806	0.12576672	-0.2987035	0.21089631	-0.010774325	-0.30440786	-0.13269202	0.20468217	-0.15557328	0.22798812	-0.00959883	-0.16596605	-0.11446212	0.2533435	-0.10056539	0.32375488	-0.010417948	0.4207588	0.19375129	-0.07038436	-0.33355492	-0.1646747	-0.9116048	0.10382155
-0.1437316	0.044068824	-0.029186474	0.07869471	0.21359378	0.41033277	-0.29538265	0.13491276	-0.31932238	0.2435013	-0.038041685	-0.34940276	-0.12776236	0.24115863	-0.17816252	0.25573802	0.01653792	-0.19016278	-0.11196202	0.29025948	-0.118254945	0.35870203	-0.027544376	0.47848472	0.21968806	-0.077135175	-0.37818444	-0.20944364	-1.0108956	0.10793384
-0.088236496	0.0106175635	0.0017732016	0.071447566	0.1379258	0.30763996	-0.19467571	0.098169826	-0.2292425	0.16247863	-0.0041697714	-0.23934259	-0.085803986	0.16705014	-0.13258874	0.17941615	0.020063581	-0.15592612	-0.086172216	0.20292827	-0.081716	0.2554924	-0.00068543904	0.33464247	0.14841467	-0.057584673	-0.2463049	-0.13027269	-0.72138095	0.08670243
-0.09969616	0.025943223	-0.0015076485	0.05740634	0.17446637	0.34982258	-0.2571245	0.11628506	-0.2931629	0.22176762	-0.028522704	-0.2967849	-0.110564664	0.20575158	-0.13892393	0.21988133	0.015439465	-0.1731997	-0.109196335	0.25159535	-0.09080869	0.31675157	-0.0026908151	0.39846134	0.16963606	-0.044611447	-0.304647	-0.16002417	-0.86862034	0.08445134
-0.113029	0.01721486	-0.0183408	0.076016985	0.15867223	0.3393806	-0.25531122	0.10666278	-0.26771533	0.21381237	-0.0065396503	-0.2986211	-0.09508679	0.18800984	-0.13954043	0.21764968	0.003235759	-0.1783536	-0.1021514	0.24515983	-0.083616145	0.29345694	-0.016164884	0.3877177	0.17933226	-0.06892783	-0.2931273	-0.15656103	-0.8557091	0.08339374
-0.1270653	0.018531417	-0.00050385157	0.09128032	0.20076443	0.40525872	-0.27400696	0.119693756	-0.32284364	0.22843099	-0.027890736	-0.3329658	-0.11410549	0.2094772	-0.16139741	0.23467599	0.012784961	-0.19677466	-0.115954906	0.275787	-0.119236946	0.327565	-0.017880676	0.45215932	0.20336856	-0.07568492	-0.34239793	-0.19731914	-0.941353	0.09999255
-0.13296756	0.02767136	-0.025512684	0.07769995	0.20954593	0.4158695	-0.30613047	0.13967659	-0.3522425	0.25100803	-0.011487807	-0.35716155	-0.14744702	0.23694262	-0.18955135	0.26051813	0.015776033	-0.22182624	-0.104899265	0.29754964	-0.11095287	0.3701673	-0.025295664	0.47198337	0.1968253	-0.087818995	-0.36634755	-0.20932157	-1.0353432	0.11937269
-0.1196296	0.033662148	-0.013528674	0.04631024	0.15568152	0.3223928	-0.24671766	0.10180968	-0.27186188	0.19201796	-0.028787367	-0.26169148	-0.098076485	0.19056572	-0.14264834	0.20636137	0.0077020978	-0.14745653	-0.08117609	0.23691729	-0.0956203	0.29540965	-0.008610917	0.3592562	0.15288462	-0.042756535	-0.2916409	-0.14650464	-0.7894137	0.06833875
-0.10636285	0.016608542	-0.0087814145	0.04772614	0.15333553	0.29286674	-0.20080186	0.110482275	-0.22748472	0.18369283	-0.024762364	-0.2652981	-0.09937395	0.17260048	-0.1353012	0.19874994	0.016037034	-0.15809073	-0.09072466	0.20375273	-0.093660995	0.25072378	-0.005624096	0.3409099	0.16274756	-0.05485533	-0.27470908	-0.14923023	-0.7418367	0.09078703
-0.10805047	0.01606517	-0.0072585167	0.07217781	0.17425476	0.31688005	-0.22460867	0.120198175	-0.25521612	0.19073816	-0.020399788	-0.28798032	-0.10764348	0.17820261	-0.1415791	0.217406	-0.006081799	-0.16634518	-0.09459134	0.23110393	-0.09206376	0.28189364	-0.025094366	0.35859436	0.18114847	-0.056616955	-0.27406642	-0.17145863	-0.8058907	0.09857208
-0.10492544	0.016998857	0.0003138929	0.05067113	0.18691483	0.36018574	-0.2314098	0.12115488	-0.28870094	0.21171607	-0.017764794	-0.2710288	-0.11300232	0.17465968	-0.16359515	0.2014592	0.009147782	-0.18069507	-0.08039571	0.22359872	-0.0919357	0.28403783	-0.028314043	0.38998994	0.16544487	-0.06578861	-0.28961828	-0.16778801	-0.8494458	0.09765931
-0.12952423	0.04659066	-0.030821243	0.07257008	0.20927055	0.3975142	-0.28097355	0.1387535	-0.31581217	0.22632931	-0.03938215	-0.337311	-0.14672376	0.2090153	-0.16920847	0.24853906	0.011664282	-0.18213882	-0.11450275	0.281229	-0.109923296	0.34613493	-0.03034761	0.4513211	0.19842495	-0.06797145	-0.3472478	-0.18156421	-0.9766242	0.08560738
-0.119361505	0.03793916	-0.001931232	0.05272188	0.16954146	0.31431547	-0.23230167	0.12262529	-0.26186603	0.20630357	-0.018689508	-0.26629812	-0.103861764	0.19322638	-0.13434018	0.20725444	-0.008168783	-0.16782054	-0.104205444	0.23241673	-0.08854481	0.28924856	-0.014978605	0.3663898	0.16395411	-0.057692867	-0.29282796	-0.15028244	-0.7819106	0.0796551
-0.15592562	0.053891804	-0.012020709	0.093008175	0.21792653	0.4610331	-0.3453363	0.13538942	-0.3798612	0.27328932	-0.018401768	-0.40057352	-0.1422988	0.24204448	-0.18245673	0.30777103	-0.009449472	-0.24662517	-0.1097684	0.32106155	-0.13331015	0.38688394	-0.032251593	0.5408844	0.2360803	-0.067716695	-0.42141244	-0.20068923	-1.1214885	0.10608478
-0.09712297	0.044323273	-0.024603512	0.07758729	0.19123174	0.36727935	-0.2351312	0.10782243	-0.29816422	0.1968169	-0.021268962	-0.29338455	-0.112191774	0.19307876	-0.16933584	0.20170474	-0.009502051	-0.1822099	-0.10855257	0.2409248	-0.099008575	0.28536358	-0.01617084	0.39601168	0.17205702	-0.049413938	-0.3254206	-0.15457171	-0.86166507	0.09325938
-0.11364644	0.026396554	-0.028426385	0.054732524	0.17751074	0.3858912	-0.26701877	0.13161135	-0.30338407	0.21259734	-0.023417085	-0.30076408	-0.1193947	0.19912583	-0.1659221	0.2237099	-0.0072373133	-0.18148111	-0.1116504	0.26649168	-0.11728856	0.31158885	-0.02461878	0.43348747	0.1945421	-0.048372906	-0.33123168	-0.17808732	-0.9119871	0.090155706
-0.1148199	0.021185499	-0.00072025973	0.0817797	0.1772001	0.37102038	-0.23960024	0.12033782	-0.28890318	0.2013724	-0.011835839	-0.2816635	-0.111680835	0.20417403	-0.16724545	0.22016037	0.02064242	-0.19056402	-0.113614246	0.23957701	-0.11153415	0.3044464	-0.023008015	0.40165868	0.16472463	-0.05421201	-0.3070927	-0.17371845	-0.889226	0.08330402
-0.1459976	0.038135808	-0.01861621	0.06594399	0.20758072	0.3988676	-0.28991812	0.14979407	-0.3397406	0.22194853	-0.018707976	-0.33976138	-0.14455962	0.22947815	-0.17291193	0.24590805	0.0017559995	-0.19112872	-0.12185256	0.28450918	-0.11735841	0.3487366	-0.00068672566	0.46927688	0.21490784	-0.066734426	-0.34953302	-0.19515489	-0.9802584	0.09934811
-0.12887956	0.0145844435	-0.030700084	0.08625623	0.1948812	0.39427727	-0.25742677	0.14277823	-0.2945442	0.24083568	-0.020712813	-0.31195718	-0.13072565	0.22745383	-0.15933049	0.23145936	-7.303822e-05	-0.17888874	-0.09854543	0.27963346	-0.11864242	0.32762545	9.2197646e-05	0.44695172	0.18992132	-0.048665576	-0.33811817	-0.1762513	-0.95322293	0.08438668
-0.11028361	0.019670418	-0.020279953	0.06666166	0.19027478	0.38957736	-0.26652008	0.12622659	-0.28440243	0.21563645	-0.0059500807	-0.30859274	-0.10456013	0.19090432	-0.1443077	0.23221003	0.01895951	-0.18408428	-0.08700872	0.25883418	-0.09756063	0.32201675	-0.023729617	0.40569103	0.18066826	-0.05453981	-0.32782176	-0.1639055	-0.9075516	0.085781336
-0.09999261	0.042012934	-0.014076626	0.07619417	0.1824146	0.38288438	-0.26019293	0.13251665	-0.29842743	0.21621318	-0.012553948	-0.28905746	-0.10383548	0.18467478	-0.16884756	0.21018925	0.0038198507	-0.17791912	-0.11133173	0.24950367	-0.11179573	0.32597864	-0.0049151	0.3978804	0.19081157	-0.051850345	-0.31144753	-0.17994682	-0.8930246	0.07614192
-0.12880802	0.033521757	-0.006847184	0.062422644	0.16754182	0.37190259	-0.26771173	0.13051003	-0.28405696	0.19477525	-0.016951358	-0.29943657	-0.11143816	0.18710418	-0.16354603	0.21461312	0.0028700586	-0.17019494	-0.10456503	0.25767156	-0.08770513	0.31391367	-0.011980537	0.40223205	0.17388146	-0.07158847	-0.30924973	-0.16595048	-0.8844857	0.098595195
-0.1485072	0.0387942	-0.01557945	0.07147833	0.24138652	0.47589475	-0.30930442	0.16238499	-0.35871142	0.26931235	-0.012495997	-0.36606365	-0.16596748	0.26742324	-0.1829538	0.28490916	0.009966863	-0.22773072	-0.13937624	0.29824436	-0.1328834	0.37964657	-0.03423246	0.5170006	0.2346708	-0.09278839	-0.39116955	-0.21138729	-1.1207484	0.09923223
-0.11815546	0.023085972	-0.009160929	0.08337481	0.19149019	0.39742556	-0.27556577	0.13303776	-0.33516514	0.24623685	-0.023624439	-0.33186436	-0.11768663	0.20784402	-0.17616443	0.2296657	-0.0022175815	-0.17930827	-0.119400084	0.27842617	-0.10840703	0.32777295	-0.007824794	0.431864	0.20877948	-0.06414749	-0.35253587	-0.2062025	-0.95795685	0.10628557
-0.11797867	0.020798082	-0.008076772	0.049145076	0.15480953	0.32053432	-0.2295133	0.11171506	-0.26641127	0.19203693	-0.02470458	-0.27882993	-0.11613632	0.19265601	-0.14799334	0.2020967	-0.006126868	-0.17174508	-0.097648434	0.20957528	-0.095440835	0.27497134	-0.011471455	0.3540444	0.15352573	-0.06450412	-0.2910272	-0.14630423	-0.7826674	0.08116759
-0.09344639	0.016845975	-0.005921747	0.06094777	0.15037328	0.3395557	-0.22108449	0.11999662	-0.27671146	0.20530534	-0.021728633	-0.28549734	-0.1166729	0.1744042	-0.13029681	0.21712697	0.011049179	-0.15381764	-0.07792469	0.23055221	-0.07281022	0.26526973	-0.028494304	0.3734376	0.15221046	-0.049927827	-0.27762866	-0.14870754	-0.8093855	0.07923274
